[ERROR] 2026-08-10 17:44:25,094 celery.utils.dispatch.signal: Signal handler <bound method DjangoFixup.on_import_modules of <celery.fixups.django.DjangoFixup object at 0x7ffa1de08050>> raised: ImproperlyConfigured("Application labels aren't unique, duplicates: organizations")
Traceback (most recent call last):
  File "/usr/local/lib/python3.13/site-packages/celery/utils/dispatch/signal.py", line 280, in send
    response = receiver(signal=self, sender=sender, **named)
  File "/usr/local/lib/python3.13/site-packages/celery/fixups/django.py", line 103, in on_import_modules
    self.worker_fixup.validate_models()
    ~~~~~~~~~~~~~~~~~~~~~~~~~~~~~~~~~^^
  File "/usr/local/lib/python3.13/site-packages/celery/fixups/django.py", line 152, in validate_models
    self.django_setup()
    ~~~~~~~~~~~~~~~~~^^
  File "/usr/local/lib/python3.13/site-packages/celery/fixups/django.py", line 148, in django_setup
    django.setup()
    ~~~~~~~~~~~~^^
  File "/usr/local/lib/python3.13/site-packages/django/__init__.py", line 24, in setup
    apps.populate(settings.INSTALLED_APPS)
    ~~~~~~~~~~~~~^^^^^^^^^^^^^^^^^^^^^^^^^
  File "/usr/local/lib/python3.13/site-packages/django/apps/registry.py", line 93, in populate
    raise ImproperlyConfigured(
    ...<2 lines>...
    )
django.core.exceptions.ImproperlyConfigured: Application labels aren't unique, duplicates: organizations
[ERROR] 2026-08-10 17:44:25,095 celery.utils.dispatch.signal: Signal handler <promise@0x7ffa1dde72f0 --> <bound method Celery._autodiscover_tasks of <Celery config at 0x7ffa1df87620>>> raised: AppRegistryNotReady("Apps aren't loaded yet.")
Traceback (most recent call last):
  File "/usr/local/lib/python3.13/site-packages/celery/utils/dispatch/signal.py", line 280, in send
    response = receiver(signal=self, sender=sender, **named)
  File "/usr/local/lib/python3.13/site-packages/vine/promises.py", line 161, in __call__
    return self.throw()
           ~~~~~~~~~~^^
  File "/usr/local/lib/python3.13/site-packages/vine/promises.py", line 158, in __call__
    retval = fun(*final_args, **final_kwargs)
  File "/usr/local/lib/python3.13/site-packages/celery/app/base.py", line 827, in _autodiscover_tasks
    return self._autodiscover_tasks_from_fixups(related_name)
           ~~~~~~~~~~~~~~~~~~~~~~~~~~~~~~~~~~~~^^^^^^^^^^^^^^
  File "/usr/local/lib/python3.13/site-packages/celery/app/base.py", line 839, in _autodiscover_tasks_from_fixups
    for pkg in fixup.autodiscover_tasks()
               ~~~~~~~~~~~~~~~~~~~~~~~~^^
  File "/usr/local/lib/python3.13/site-packages/celery/fixups/django.py", line 123, in autodiscover_tasks
    return [config.name for config in apps.get_app_configs()]
                                      ~~~~~~~~~~~~~~~~~~~~^^
  File "/usr/local/lib/python3.13/site-packages/django/apps/registry.py", line 147, in get_app_configs
    self.check_apps_ready()
    ~~~~~~~~~~~~~~~~~~~~~^^
  File "/usr/local/lib/python3.13/site-packages/django/apps/registry.py", line 138, in check_apps_ready
    raise AppRegistryNotReady("Apps aren't loaded yet.")
django.core.exceptions.AppRegistryNotReady: Apps aren't loaded yet.
[ERROR] 2026-08-10 17:47:47,770 celery.utils.dispatch.signal: Signal handler <bound method DjangoFixup.on_import_modules of <celery.fixups.django.DjangoFixup object at 0x7fd539e22f90>> raised: ImproperlyConfigured("Application labels aren't unique, duplicates: organizations")
Traceback (most recent call last):
  File "/usr/local/lib/python3.13/site-packages/celery/utils/dispatch/signal.py", line 280, in send
    response = receiver(signal=self, sender=sender, **named)
  File "/usr/local/lib/python3.13/site-packages/celery/fixups/django.py", line 103, in on_import_modules
    self.worker_fixup.validate_models()
    ~~~~~~~~~~~~~~~~~~~~~~~~~~~~~~~~~^^
  File "/usr/local/lib/python3.13/site-packages/celery/fixups/django.py", line 152, in validate_models
    self.django_setup()
    ~~~~~~~~~~~~~~~~~^^
  File "/usr/local/lib/python3.13/site-packages/celery/fixups/django.py", line 148, in django_setup
    django.setup()
    ~~~~~~~~~~~~^^
  File "/usr/local/lib/python3.13/site-packages/django/__init__.py", line 24, in setup
    apps.populate(settings.INSTALLED_APPS)
    ~~~~~~~~~~~~~^^^^^^^^^^^^^^^^^^^^^^^^^
  File "/usr/local/lib/python3.13/site-packages/django/apps/registry.py", line 93, in populate
    raise ImproperlyConfigured(
    ...<2 lines>...
    )
django.core.exceptions.ImproperlyConfigured: Application labels aren't unique, duplicates: organizations
[ERROR] 2026-08-10 17:47:47,771 celery.utils.dispatch.signal: Signal handler <promise@0x7fd539c987d0 --> <bound method Celery._autodiscover_tasks of <Celery config at 0x7fd539e22660>>> raised: AppRegistryNotReady("Apps aren't loaded yet.")
Traceback (most recent call last):
  File "/usr/local/lib/python3.13/site-packages/celery/utils/dispatch/signal.py", line 280, in send
    response = receiver(signal=self, sender=sender, **named)
  File "/usr/local/lib/python3.13/site-packages/vine/promises.py", line 161, in __call__
    return self.throw()
           ~~~~~~~~~~^^
  File "/usr/local/lib/python3.13/site-packages/vine/promises.py", line 158, in __call__
    retval = fun(*final_args, **final_kwargs)
  File "/usr/local/lib/python3.13/site-packages/celery/app/base.py", line 827, in _autodiscover_tasks
    return self._autodiscover_tasks_from_fixups(related_name)
           ~~~~~~~~~~~~~~~~~~~~~~~~~~~~~~~~~~~~^^^^^^^^^^^^^^
  File "/usr/local/lib/python3.13/site-packages/celery/app/base.py", line 839, in _autodiscover_tasks_from_fixups
    for pkg in fixup.autodiscover_tasks()
               ~~~~~~~~~~~~~~~~~~~~~~~~^^
  File "/usr/local/lib/python3.13/site-packages/celery/fixups/django.py", line 123, in autodiscover_tasks
    return [config.name for config in apps.get_app_configs()]
                                      ~~~~~~~~~~~~~~~~~~~~^^
  File "/usr/local/lib/python3.13/site-packages/django/apps/registry.py", line 147, in get_app_configs
    self.check_apps_ready()
    ~~~~~~~~~~~~~~~~~~~~~^^
  File "/usr/local/lib/python3.13/site-packages/django/apps/registry.py", line 138, in check_apps_ready
    raise AppRegistryNotReady("Apps aren't loaded yet.")
django.core.exceptions.AppRegistryNotReady: Apps aren't loaded yet.
[ERROR] 2026-08-10 17:49:37,370 celery.utils.dispatch.signal: Signal handler <bound method DjangoFixup.on_import_modules of <celery.fixups.django.DjangoFixup object at 0x7ff353106f90>> raised: ImproperlyConfigured("Application names aren't unique, duplicates: organizations")
Traceback (most recent call last):
  File "/usr/local/lib/python3.13/site-packages/celery/utils/dispatch/signal.py", line 280, in send
    response = receiver(signal=self, sender=sender, **named)
  File "/usr/local/lib/python3.13/site-packages/celery/fixups/django.py", line 103, in on_import_modules
    self.worker_fixup.validate_models()
    ~~~~~~~~~~~~~~~~~~~~~~~~~~~~~~~~~^^
  File "/usr/local/lib/python3.13/site-packages/celery/fixups/django.py", line 152, in validate_models
    self.django_setup()
    ~~~~~~~~~~~~~~~~~^^
  File "/usr/local/lib/python3.13/site-packages/celery/fixups/django.py", line 148, in django_setup
    django.setup()
    ~~~~~~~~~~~~^^
  File "/usr/local/lib/python3.13/site-packages/django/__init__.py", line 24, in setup
    apps.populate(settings.INSTALLED_APPS)
    ~~~~~~~~~~~~~^^^^^^^^^^^^^^^^^^^^^^^^^
  File "/usr/local/lib/python3.13/site-packages/django/apps/registry.py", line 107, in populate
    raise ImproperlyConfigured(
    ...<2 lines>...
    )
django.core.exceptions.ImproperlyConfigured: Application names aren't unique, duplicates: organizations
[ERROR] 2026-08-10 17:49:37,371 celery.utils.dispatch.signal: Signal handler <promise@0x7ff352f787d0 --> <bound method Celery._autodiscover_tasks of <Celery config at 0x7ff353106660>>> raised: AppRegistryNotReady("Apps aren't loaded yet.")
Traceback (most recent call last):
  File "/usr/local/lib/python3.13/site-packages/celery/utils/dispatch/signal.py", line 280, in send
    response = receiver(signal=self, sender=sender, **named)
  File "/usr/local/lib/python3.13/site-packages/vine/promises.py", line 161, in __call__
    return self.throw()
           ~~~~~~~~~~^^
  File "/usr/local/lib/python3.13/site-packages/vine/promises.py", line 158, in __call__
    retval = fun(*final_args, **final_kwargs)
  File "/usr/local/lib/python3.13/site-packages/celery/app/base.py", line 827, in _autodiscover_tasks
    return self._autodiscover_tasks_from_fixups(related_name)
           ~~~~~~~~~~~~~~~~~~~~~~~~~~~~~~~~~~~~^^^^^^^^^^^^^^
  File "/usr/local/lib/python3.13/site-packages/celery/app/base.py", line 839, in _autodiscover_tasks_from_fixups
    for pkg in fixup.autodiscover_tasks()
               ~~~~~~~~~~~~~~~~~~~~~~~~^^
  File "/usr/local/lib/python3.13/site-packages/celery/fixups/django.py", line 123, in autodiscover_tasks
    return [config.name for config in apps.get_app_configs()]
                                      ~~~~~~~~~~~~~~~~~~~~^^
  File "/usr/local/lib/python3.13/site-packages/django/apps/registry.py", line 147, in get_app_configs
    self.check_apps_ready()
    ~~~~~~~~~~~~~~~~~~~~~^^
  File "/usr/local/lib/python3.13/site-packages/django/apps/registry.py", line 138, in check_apps_ready
    raise AppRegistryNotReady("Apps aren't loaded yet.")
django.core.exceptions.AppRegistryNotReady: Apps aren't loaded yet.
[ERROR] 2026-08-10 17:49:56,498 celery.utils.dispatch.signal: Signal handler <bound method DjangoFixup.on_import_modules of <celery.fixups.django.DjangoFixup object at 0x7effcd272f90>> raised: ImproperlyConfigured("Cannot import '_organizations'. Check that 'organizations.apps.OrganizationsConfig.name' is correct.")
Traceback (most recent call last):
  File "/usr/local/lib/python3.13/site-packages/django/apps/config.py", line 210, in create
    app_module = import_module(app_name)
  File "/usr/local/lib/python3.13/importlib/__init__.py", line 88, in import_module
    return _bootstrap._gcd_import(name[level:], package, level)
           ~~~~~~~~~~~~~~~~~~~~~~^^^^^^^^^^^^^^^^^^^^^^^^^^^^^^
  File "<frozen importlib._bootstrap>", line 1395, in _gcd_import
  File "<frozen importlib._bootstrap>", line 1360, in _find_and_load
  File "<frozen importlib._bootstrap>", line 1324, in _find_and_load_unlocked
ModuleNotFoundError: No module named '_organizations'

During handling of the above exception, another exception occurred:

Traceback (most recent call last):
  File "/usr/local/lib/python3.13/site-packages/celery/utils/dispatch/signal.py", line 280, in send
    response = receiver(signal=self, sender=sender, **named)
  File "/usr/local/lib/python3.13/site-packages/celery/fixups/django.py", line 103, in on_import_modules
    self.worker_fixup.validate_models()
    ~~~~~~~~~~~~~~~~~~~~~~~~~~~~~~~~~^^
  File "/usr/local/lib/python3.13/site-packages/celery/fixups/django.py", line 152, in validate_models
    self.django_setup()
    ~~~~~~~~~~~~~~~~~^^
  File "/usr/local/lib/python3.13/site-packages/celery/fixups/django.py", line 148, in django_setup
    django.setup()
    ~~~~~~~~~~~~^^
  File "/usr/local/lib/python3.13/site-packages/django/__init__.py", line 24, in setup
    apps.populate(settings.INSTALLED_APPS)
    ~~~~~~~~~~~~~^^^^^^^^^^^^^^^^^^^^^^^^^
  File "/usr/local/lib/python3.13/site-packages/django/apps/registry.py", line 91, in populate
    app_config = AppConfig.create(entry)
  File "/usr/local/lib/python3.13/site-packages/django/apps/config.py", line 212, in create
    raise ImproperlyConfigured(
    ...<6 lines>...
    )
django.core.exceptions.ImproperlyConfigured: Cannot import '_organizations'. Check that 'organizations.apps.OrganizationsConfig.name' is correct.
[ERROR] 2026-08-10 17:49:56,499 celery.utils.dispatch.signal: Signal handler <promise@0x7effcd0e47d0 --> <bound method Celery._autodiscover_tasks of <Celery config at 0x7effcd272660>>> raised: AppRegistryNotReady("Apps aren't loaded yet.")
Traceback (most recent call last):
  File "/usr/local/lib/python3.13/site-packages/celery/utils/dispatch/signal.py", line 280, in send
    response = receiver(signal=self, sender=sender, **named)
  File "/usr/local/lib/python3.13/site-packages/vine/promises.py", line 161, in __call__
    return self.throw()
           ~~~~~~~~~~^^
  File "/usr/local/lib/python3.13/site-packages/vine/promises.py", line 158, in __call__
    retval = fun(*final_args, **final_kwargs)
  File "/usr/local/lib/python3.13/site-packages/celery/app/base.py", line 827, in _autodiscover_tasks
    return self._autodiscover_tasks_from_fixups(related_name)
           ~~~~~~~~~~~~~~~~~~~~~~~~~~~~~~~~~~~~^^^^^^^^^^^^^^
  File "/usr/local/lib/python3.13/site-packages/celery/app/base.py", line 839, in _autodiscover_tasks_from_fixups
    for pkg in fixup.autodiscover_tasks()
               ~~~~~~~~~~~~~~~~~~~~~~~~^^
  File "/usr/local/lib/python3.13/site-packages/celery/fixups/django.py", line 123, in autodiscover_tasks
    return [config.name for config in apps.get_app_configs()]
                                      ~~~~~~~~~~~~~~~~~~~~^^
  File "/usr/local/lib/python3.13/site-packages/django/apps/registry.py", line 147, in get_app_configs
    self.check_apps_ready()
    ~~~~~~~~~~~~~~~~~~~~~^^
  File "/usr/local/lib/python3.13/site-packages/django/apps/registry.py", line 138, in check_apps_ready
    raise AppRegistryNotReady("Apps aren't loaded yet.")
django.core.exceptions.AppRegistryNotReady: Apps aren't loaded yet.
[ERROR] 2026-08-10 17:50:27,198 celery.utils.dispatch.signal: Signal handler <bound method DjangoFixup.on_import_modules of <celery.fixups.django.DjangoFixup object at 0x7fdab9318050>> raised: ImproperlyConfigured("Application names aren't unique, duplicates: organizations")
Traceback (most recent call last):
  File "/usr/local/lib/python3.13/site-packages/celery/utils/dispatch/signal.py", line 280, in send
    response = receiver(signal=self, sender=sender, **named)
  File "/usr/local/lib/python3.13/site-packages/celery/fixups/django.py", line 103, in on_import_modules
    self.worker_fixup.validate_models()
    ~~~~~~~~~~~~~~~~~~~~~~~~~~~~~~~~~^^
  File "/usr/local/lib/python3.13/site-packages/celery/fixups/django.py", line 152, in validate_models
    self.django_setup()
    ~~~~~~~~~~~~~~~~~^^
  File "/usr/local/lib/python3.13/site-packages/celery/fixups/django.py", line 148, in django_setup
    django.setup()
    ~~~~~~~~~~~~^^
  File "/usr/local/lib/python3.13/site-packages/django/__init__.py", line 24, in setup
    apps.populate(settings.INSTALLED_APPS)
    ~~~~~~~~~~~~~^^^^^^^^^^^^^^^^^^^^^^^^^
  File "/usr/local/lib/python3.13/site-packages/django/apps/registry.py", line 107, in populate
    raise ImproperlyConfigured(
    ...<2 lines>...
    )
django.core.exceptions.ImproperlyConfigured: Application names aren't unique, duplicates: organizations
[ERROR] 2026-08-10 17:50:27,199 celery.utils.dispatch.signal: Signal handler <promise@0x7fdab92f71b0 --> <bound method Celery._autodiscover_tasks of <Celery config at 0x7fdab948f620>>> raised: AppRegistryNotReady("Apps aren't loaded yet.")
Traceback (most recent call last):
  File "/usr/local/lib/python3.13/site-packages/celery/utils/dispatch/signal.py", line 280, in send
    response = receiver(signal=self, sender=sender, **named)
  File "/usr/local/lib/python3.13/site-packages/vine/promises.py", line 161, in __call__
    return self.throw()
           ~~~~~~~~~~^^
  File "/usr/local/lib/python3.13/site-packages/vine/promises.py", line 158, in __call__
    retval = fun(*final_args, **final_kwargs)
  File "/usr/local/lib/python3.13/site-packages/celery/app/base.py", line 827, in _autodiscover_tasks
    return self._autodiscover_tasks_from_fixups(related_name)
           ~~~~~~~~~~~~~~~~~~~~~~~~~~~~~~~~~~~~^^^^^^^^^^^^^^
  File "/usr/local/lib/python3.13/site-packages/celery/app/base.py", line 839, in _autodiscover_tasks_from_fixups
    for pkg in fixup.autodiscover_tasks()
               ~~~~~~~~~~~~~~~~~~~~~~~~^^
  File "/usr/local/lib/python3.13/site-packages/celery/fixups/django.py", line 123, in autodiscover_tasks
    return [config.name for config in apps.get_app_configs()]
                                      ~~~~~~~~~~~~~~~~~~~~^^
  File "/usr/local/lib/python3.13/site-packages/django/apps/registry.py", line 147, in get_app_configs
    self.check_apps_ready()
    ~~~~~~~~~~~~~~~~~~~~~^^
  File "/usr/local/lib/python3.13/site-packages/django/apps/registry.py", line 138, in check_apps_ready
    raise AppRegistryNotReady("Apps aren't loaded yet.")
django.core.exceptions.AppRegistryNotReady: Apps aren't loaded yet.
[ERROR] 2026-08-10 17:53:28,364 celery.utils.dispatch.signal: Signal handler <bound method DjangoFixup.on_import_modules of <celery.fixups.django.DjangoFixup object at 0x7f80f2f7ef90>> raised: ImproperlyConfigured("Application names aren't unique, duplicates: organizations")
Traceback (most recent call last):
  File "/usr/local/lib/python3.13/site-packages/celery/utils/dispatch/signal.py", line 280, in send
    response = receiver(signal=self, sender=sender, **named)
  File "/usr/local/lib/python3.13/site-packages/celery/fixups/django.py", line 103, in on_import_modules
    self.worker_fixup.validate_models()
    ~~~~~~~~~~~~~~~~~~~~~~~~~~~~~~~~~^^
  File "/usr/local/lib/python3.13/site-packages/celery/fixups/django.py", line 152, in validate_models
    self.django_setup()
    ~~~~~~~~~~~~~~~~~^^
  File "/usr/local/lib/python3.13/site-packages/celery/fixups/django.py", line 148, in django_setup
    django.setup()
    ~~~~~~~~~~~~^^
  File "/usr/local/lib/python3.13/site-packages/django/__init__.py", line 24, in setup
    apps.populate(settings.INSTALLED_APPS)
    ~~~~~~~~~~~~~^^^^^^^^^^^^^^^^^^^^^^^^^
  File "/usr/local/lib/python3.13/site-packages/django/apps/registry.py", line 107, in populate
    raise ImproperlyConfigured(
    ...<2 lines>...
    )
django.core.exceptions.ImproperlyConfigured: Application names aren't unique, duplicates: organizations
[ERROR] 2026-08-10 17:53:28,365 celery.utils.dispatch.signal: Signal handler <promise@0x7f80f2df47d0 --> <bound method Celery._autodiscover_tasks of <Celery config at 0x7f80f2f7e660>>> raised: AppRegistryNotReady("Apps aren't loaded yet.")
Traceback (most recent call last):
  File "/usr/local/lib/python3.13/site-packages/celery/utils/dispatch/signal.py", line 280, in send
    response = receiver(signal=self, sender=sender, **named)
  File "/usr/local/lib/python3.13/site-packages/vine/promises.py", line 161, in __call__
    return self.throw()
           ~~~~~~~~~~^^
  File "/usr/local/lib/python3.13/site-packages/vine/promises.py", line 158, in __call__
    retval = fun(*final_args, **final_kwargs)
  File "/usr/local/lib/python3.13/site-packages/celery/app/base.py", line 827, in _autodiscover_tasks
    return self._autodiscover_tasks_from_fixups(related_name)
           ~~~~~~~~~~~~~~~~~~~~~~~~~~~~~~~~~~~~^^^^^^^^^^^^^^
  File "/usr/local/lib/python3.13/site-packages/celery/app/base.py", line 839, in _autodiscover_tasks_from_fixups
    for pkg in fixup.autodiscover_tasks()
               ~~~~~~~~~~~~~~~~~~~~~~~~^^
  File "/usr/local/lib/python3.13/site-packages/celery/fixups/django.py", line 123, in autodiscover_tasks
    return [config.name for config in apps.get_app_configs()]
                                      ~~~~~~~~~~~~~~~~~~~~^^
  File "/usr/local/lib/python3.13/site-packages/django/apps/registry.py", line 147, in get_app_configs
    self.check_apps_ready()
    ~~~~~~~~~~~~~~~~~~~~~^^
  File "/usr/local/lib/python3.13/site-packages/django/apps/registry.py", line 138, in check_apps_ready
    raise AppRegistryNotReady("Apps aren't loaded yet.")
django.core.exceptions.AppRegistryNotReady: Apps aren't loaded yet.
[ERROR] 2026-08-10 17:55:45,293 celery.utils.dispatch.signal: Signal handler <bound method DjangoFixup.on_import_modules of <celery.fixups.django.DjangoFixup object at 0x7fb87d146f90>> raised: TypeError("CheckConstraint.__init__() got an unexpected keyword argument 'check'")
Traceback (most recent call last):
  File "/usr/local/lib/python3.13/site-packages/celery/utils/dispatch/signal.py", line 280, in send
    response = receiver(signal=self, sender=sender, **named)
  File "/usr/local/lib/python3.13/site-packages/celery/fixups/django.py", line 103, in on_import_modules
    self.worker_fixup.validate_models()
    ~~~~~~~~~~~~~~~~~~~~~~~~~~~~~~~~~^^
  File "/usr/local/lib/python3.13/site-packages/celery/fixups/django.py", line 152, in validate_models
    self.django_setup()
    ~~~~~~~~~~~~~~~~~^^
  File "/usr/local/lib/python3.13/site-packages/celery/fixups/django.py", line 148, in django_setup
    django.setup()
    ~~~~~~~~~~~~^^
  File "/usr/local/lib/python3.13/site-packages/django/__init__.py", line 24, in setup
    apps.populate(settings.INSTALLED_APPS)
    ~~~~~~~~~~~~~^^^^^^^^^^^^^^^^^^^^^^^^^
  File "/usr/local/lib/python3.13/site-packages/django/apps/registry.py", line 116, in populate
    app_config.import_models()
    ~~~~~~~~~~~~~~~~~~~~~~~~^^
  File "/usr/local/lib/python3.13/site-packages/django/apps/config.py", line 269, in import_models
    self.models_module = import_module(models_module_name)
                         ~~~~~~~~~~~~~^^^^^^^^^^^^^^^^^^^^
  File "/usr/local/lib/python3.13/importlib/__init__.py", line 88, in import_module
    return _bootstrap._gcd_import(name[level:], package, level)
           ~~~~~~~~~~~~~~~~~~~~~~^^^^^^^^^^^^^^^^^^^^^^^^^^^^^^
  File "<frozen importlib._bootstrap>", line 1395, in _gcd_import
  File "<frozen importlib._bootstrap>", line 1360, in _find_and_load
  File "<frozen importlib._bootstrap>", line 1331, in _find_and_load_unlocked
  File "<frozen importlib._bootstrap>", line 935, in _load_unlocked
  File "<frozen importlib._bootstrap_external>", line 1023, in exec_module
  File "<frozen importlib._bootstrap>", line 488, in _call_with_frames_removed
  File "/app/observations/models.py", line 83, in <module>
    class MetricReading(models.Model):
    ...<26 lines>...
            return f"{self.parameter_code}: {val} {self.unit}"
  File "/app/observations/models.py", line 98, in MetricReading
    class Meta:
    ...<7 lines>...
        ]
  File "/app/observations/models.py", line 100, in Meta
    models.CheckConstraint(
    ~~~~~~~~~~~~~~~~~~~~~~^
        check=(
        ^^^^^^^
    ...<2 lines>...
        name="metric_value_not_both_null"
        ^^^^^^^^^^^^^^^^^^^^^^^^^^^^^^^^^
    )
    ^
TypeError: CheckConstraint.__init__() got an unexpected keyword argument 'check'
[ERROR] 2026-08-10 21:03:40,912 celery.utils.dispatch.signal: Signal handler <bound method DjangoFixup.on_import_modules of <celery.fixups.django.DjangoFixup object at 0x7f0a99466f90>> raised: ImportError("cannot import name 'GeoObservationViewSet' from 'observations.views' (/app/observations/views.py)")
Traceback (most recent call last):
  File "/usr/local/lib/python3.13/site-packages/django/core/checks/urls.py", line 136, in check_custom_error_handlers
    handler = resolver.resolve_error_handler(status_code)
  File "/usr/local/lib/python3.13/site-packages/django/urls/resolvers.py", line 743, in resolve_error_handler
    callback = getattr(self.urlconf_module, "handler%s" % view_type, None)
                       ^^^^^^^^^^^^^^^^^^^
  File "/usr/local/lib/python3.13/site-packages/django/utils/functional.py", line 47, in __get__
    res = instance.__dict__[self.name] = self.func(instance)
                                         ~~~~~~~~~^^^^^^^^^^
  File "/usr/local/lib/python3.13/site-packages/django/urls/resolvers.py", line 722, in urlconf_module
    return import_module(self.urlconf_name)
  File "/usr/local/lib/python3.13/importlib/__init__.py", line 88, in import_module
    return _bootstrap._gcd_import(name[level:], package, level)
           ~~~~~~~~~~~~~~~~~~~~~~^^^^^^^^^^^^^^^^^^^^^^^^^^^^^^
  File "<frozen importlib._bootstrap>", line 1395, in _gcd_import
  File "<frozen importlib._bootstrap>", line 1360, in _find_and_load
  File "<frozen importlib._bootstrap>", line 1331, in _find_and_load_unlocked
  File "<frozen importlib._bootstrap>", line 935, in _load_unlocked
  File "<frozen importlib._bootstrap_external>", line 1023, in exec_module
  File "<frozen importlib._bootstrap>", line 488, in _call_with_frames_removed
  File "/app/config/urls.py", line 22, in <module>
    path('api/v1/observations/', include('observations.urls')),
                                 ~~~~~~~^^^^^^^^^^^^^^^^^^^^^
  File "/usr/local/lib/python3.13/site-packages/django/urls/conf.py", line 39, in include
    urlconf_module = import_module(urlconf_module)
  File "/usr/local/lib/python3.13/importlib/__init__.py", line 88, in import_module
    return _bootstrap._gcd_import(name[level:], package, level)
           ~~~~~~~~~~~~~~~~~~~~~~^^^^^^^^^^^^^^^^^^^^^^^^^^^^^^
  File "<frozen importlib._bootstrap>", line 1395, in _gcd_import
  File "<frozen importlib._bootstrap>", line 1360, in _find_and_load
  File "<frozen importlib._bootstrap>", line 1331, in _find_and_load_unlocked
  File "<frozen importlib._bootstrap>", line 935, in _load_unlocked
  File "<frozen importlib._bootstrap_external>", line 1023, in exec_module
  File "<frozen importlib._bootstrap>", line 488, in _call_with_frames_removed
  File "/app/observations/urls.py", line 4, in <module>
    from .views import GeoObservationViewSet, ObservationSubdomainViewSet
ImportError: cannot import name 'GeoObservationViewSet' from 'observations.views' (/app/observations/views.py)

During handling of the above exception, another exception occurred:

Traceback (most recent call last):
  File "/usr/local/lib/python3.13/site-packages/celery/utils/dispatch/signal.py", line 280, in send
    response = receiver(signal=self, sender=sender, **named)
  File "/usr/local/lib/python3.13/site-packages/celery/fixups/django.py", line 103, in on_import_modules
    self.worker_fixup.validate_models()
    ~~~~~~~~~~~~~~~~~~~~~~~~~~~~~~~~~^^
  File "/usr/local/lib/python3.13/site-packages/celery/fixups/django.py", line 154, in validate_models
    run_checks()
    ~~~~~~~~~~^^
  File "/usr/local/lib/python3.13/site-packages/django/core/checks/registry.py", line 99, in run_checks
    new_errors = check(app_configs=app_configs, databases=databases)
  File "/usr/local/lib/python3.13/site-packages/django/core/checks/urls.py", line 138, in check_custom_error_handlers
    path = getattr(resolver.urlconf_module, "handler%s" % status_code)
                   ^^^^^^^^^^^^^^^^^^^^^^^
  File "/usr/local/lib/python3.13/site-packages/django/utils/functional.py", line 47, in __get__
    res = instance.__dict__[self.name] = self.func(instance)
                                         ~~~~~~~~~^^^^^^^^^^
  File "/usr/local/lib/python3.13/site-packages/django/urls/resolvers.py", line 722, in urlconf_module
    return import_module(self.urlconf_name)
  File "/usr/local/lib/python3.13/importlib/__init__.py", line 88, in import_module
    return _bootstrap._gcd_import(name[level:], package, level)
           ~~~~~~~~~~~~~~~~~~~~~~^^^^^^^^^^^^^^^^^^^^^^^^^^^^^^
  File "<frozen importlib._bootstrap>", line 1395, in _gcd_import
  File "<frozen importlib._bootstrap>", line 1360, in _find_and_load
  File "<frozen importlib._bootstrap>", line 1331, in _find_and_load_unlocked
  File "<frozen importlib._bootstrap>", line 935, in _load_unlocked
  File "<frozen importlib._bootstrap_external>", line 1023, in exec_module
  File "<frozen importlib._bootstrap>", line 488, in _call_with_frames_removed
  File "/app/config/urls.py", line 22, in <module>
    path('api/v1/observations/', include('observations.urls')),
                                 ~~~~~~~^^^^^^^^^^^^^^^^^^^^^
  File "/usr/local/lib/python3.13/site-packages/django/urls/conf.py", line 39, in include
    urlconf_module = import_module(urlconf_module)
  File "/usr/local/lib/python3.13/importlib/__init__.py", line 88, in import_module
    return _bootstrap._gcd_import(name[level:], package, level)
           ~~~~~~~~~~~~~~~~~~~~~~^^^^^^^^^^^^^^^^^^^^^^^^^^^^^^
  File "<frozen importlib._bootstrap>", line 1395, in _gcd_import
  File "<frozen importlib._bootstrap>", line 1360, in _find_and_load
  File "<frozen importlib._bootstrap>", line 1331, in _find_and_load_unlocked
  File "<frozen importlib._bootstrap>", line 935, in _load_unlocked
  File "<frozen importlib._bootstrap_external>", line 1023, in exec_module
  File "<frozen importlib._bootstrap>", line 488, in _call_with_frames_removed
  File "/app/observations/urls.py", line 4, in <module>
    from .views import GeoObservationViewSet, ObservationSubdomainViewSet
ImportError: cannot import name 'GeoObservationViewSet' from 'observations.views' (/app/observations/views.py)
[ERROR] 2026-08-10 21:04:55,162 celery.utils.dispatch.signal: Signal handler <bound method DjangoFixup.on_import_modules of <celery.fixups.django.DjangoFixup object at 0x7f76ffd66f90>> raised: ModuleNotFoundError("No module named 'locations.urls'")
Traceback (most recent call last):
  File "/usr/local/lib/python3.13/site-packages/django/core/checks/urls.py", line 136, in check_custom_error_handlers
    handler = resolver.resolve_error_handler(status_code)
  File "/usr/local/lib/python3.13/site-packages/django/urls/resolvers.py", line 743, in resolve_error_handler
    callback = getattr(self.urlconf_module, "handler%s" % view_type, None)
                       ^^^^^^^^^^^^^^^^^^^
  File "/usr/local/lib/python3.13/site-packages/django/utils/functional.py", line 47, in __get__
    res = instance.__dict__[self.name] = self.func(instance)
                                         ~~~~~~~~~^^^^^^^^^^
  File "/usr/local/lib/python3.13/site-packages/django/urls/resolvers.py", line 722, in urlconf_module
    return import_module(self.urlconf_name)
  File "/usr/local/lib/python3.13/importlib/__init__.py", line 88, in import_module
    return _bootstrap._gcd_import(name[level:], package, level)
           ~~~~~~~~~~~~~~~~~~~~~~^^^^^^^^^^^^^^^^^^^^^^^^^^^^^^
  File "<frozen importlib._bootstrap>", line 1395, in _gcd_import
  File "<frozen importlib._bootstrap>", line 1360, in _find_and_load
  File "<frozen importlib._bootstrap>", line 1331, in _find_and_load_unlocked
  File "<frozen importlib._bootstrap>", line 935, in _load_unlocked
  File "<frozen importlib._bootstrap_external>", line 1023, in exec_module
  File "<frozen importlib._bootstrap>", line 488, in _call_with_frames_removed
  File "/app/config/urls.py", line 23, in <module>
    path('api/v1/locations/', include('locations.urls')),
                              ~~~~~~~^^^^^^^^^^^^^^^^^^
  File "/usr/local/lib/python3.13/site-packages/django/urls/conf.py", line 39, in include
    urlconf_module = import_module(urlconf_module)
  File "/usr/local/lib/python3.13/importlib/__init__.py", line 88, in import_module
    return _bootstrap._gcd_import(name[level:], package, level)
           ~~~~~~~~~~~~~~~~~~~~~~^^^^^^^^^^^^^^^^^^^^^^^^^^^^^^
  File "<frozen importlib._bootstrap>", line 1395, in _gcd_import
  File "<frozen importlib._bootstrap>", line 1360, in _find_and_load
  File "<frozen importlib._bootstrap>", line 1324, in _find_and_load_unlocked
ModuleNotFoundError: No module named 'locations.urls'

During handling of the above exception, another exception occurred:

Traceback (most recent call last):
  File "/usr/local/lib/python3.13/site-packages/celery/utils/dispatch/signal.py", line 280, in send
    response = receiver(signal=self, sender=sender, **named)
  File "/usr/local/lib/python3.13/site-packages/celery/fixups/django.py", line 103, in on_import_modules
    self.worker_fixup.validate_models()
    ~~~~~~~~~~~~~~~~~~~~~~~~~~~~~~~~~^^
  File "/usr/local/lib/python3.13/site-packages/celery/fixups/django.py", line 154, in validate_models
    run_checks()
    ~~~~~~~~~~^^
  File "/usr/local/lib/python3.13/site-packages/django/core/checks/registry.py", line 99, in run_checks
    new_errors = check(app_configs=app_configs, databases=databases)
  File "/usr/local/lib/python3.13/site-packages/django/core/checks/urls.py", line 138, in check_custom_error_handlers
    path = getattr(resolver.urlconf_module, "handler%s" % status_code)
                   ^^^^^^^^^^^^^^^^^^^^^^^
  File "/usr/local/lib/python3.13/site-packages/django/utils/functional.py", line 47, in __get__
    res = instance.__dict__[self.name] = self.func(instance)
                                         ~~~~~~~~~^^^^^^^^^^
  File "/usr/local/lib/python3.13/site-packages/django/urls/resolvers.py", line 722, in urlconf_module
    return import_module(self.urlconf_name)
  File "/usr/local/lib/python3.13/importlib/__init__.py", line 88, in import_module
    return _bootstrap._gcd_import(name[level:], package, level)
           ~~~~~~~~~~~~~~~~~~~~~~^^^^^^^^^^^^^^^^^^^^^^^^^^^^^^
  File "<frozen importlib._bootstrap>", line 1395, in _gcd_import
  File "<frozen importlib._bootstrap>", line 1360, in _find_and_load
  File "<frozen importlib._bootstrap>", line 1331, in _find_and_load_unlocked
  File "<frozen importlib._bootstrap>", line 935, in _load_unlocked
  File "<frozen importlib._bootstrap_external>", line 1023, in exec_module
  File "<frozen importlib._bootstrap>", line 488, in _call_with_frames_removed
  File "/app/config/urls.py", line 23, in <module>
    path('api/v1/locations/', include('locations.urls')),
                              ~~~~~~~^^^^^^^^^^^^^^^^^^
  File "/usr/local/lib/python3.13/site-packages/django/urls/conf.py", line 39, in include
    urlconf_module = import_module(urlconf_module)
  File "/usr/local/lib/python3.13/importlib/__init__.py", line 88, in import_module
    return _bootstrap._gcd_import(name[level:], package, level)
           ~~~~~~~~~~~~~~~~~~~~~~^^^^^^^^^^^^^^^^^^^^^^^^^^^^^^
  File "<frozen importlib._bootstrap>", line 1395, in _gcd_import
  File "<frozen importlib._bootstrap>", line 1360, in _find_and_load
  File "<frozen importlib._bootstrap>", line 1324, in _find_and_load_unlocked
ModuleNotFoundError: No module named 'locations.urls'
[INFO] 2026-08-10 21:14:22,155 django.utils.autoreload: Watching for file changes with StatReloader
[INFO] 2026-08-10 21:22:44,492 django.utils.autoreload: /app/config/settings.py changed, reloading.
[INFO] 2026-08-10 21:22:44,799 django.utils.autoreload: Watching for file changes with StatReloader
[INFO] 2026-08-10 21:23:57,582 django.utils.autoreload: Watching for file changes with StatReloader
[WARNING] 2026-08-10 21:30:00,250 django.request: Not Found: /
[WARNING] 2026-08-10 21:30:00,340 django.request: Not Found: /favicon.ico
[INFO] 2026-08-10 21:41:18,394 django.utils.autoreload: /app/observations/admin.py changed, reloading.
[INFO] 2026-08-10 21:41:18,723 django.utils.autoreload: Watching for file changes with StatReloader
[INFO] 2026-08-10 21:41:58,057 django.utils.autoreload: /app/observations/admin.py changed, reloading.
[INFO] 2026-08-10 21:41:58,359 django.utils.autoreload: Watching for file changes with StatReloader
[INFO] 2026-08-10 21:42:17,597 django.utils.autoreload: /app/locations/admin.py changed, reloading.
[INFO] 2026-08-10 21:42:17,923 django.utils.autoreload: Watching for file changes with StatReloader
[INFO] 2026-08-10 21:57:53,239 django.utils.autoreload: Watching for file changes with StatReloader
[ERROR] 2026-08-10 21:58:09,920 django.request: Internal Server Error: /admin/locations/administrativeunit/add/
Traceback (most recent call last):
  File "/usr/local/lib/python3.13/site-packages/django/core/handlers/exception.py", line 56, in inner
    response = get_response(request)
  File "/usr/local/lib/python3.13/site-packages/django/core/handlers/base.py", line 199, in _get_response
    response = wrapped_callback(request, *callback_args, **callback_kwargs)
  File "/usr/local/lib/python3.13/site-packages/django/contrib/admin/options.py", line 776, in wrapper
    return self.admin_site.admin_view(view)(*args, **kwargs)
           ~~~~~~~~~~~~~~~~~~~~~~~~~~~~~~~~^^^^^^^^^^^^^^^^^
  File "/usr/local/lib/python3.13/site-packages/django/utils/decorators.py", line 191, in _view_wrapper
    result = _process_exception(request, e)
  File "/usr/local/lib/python3.13/site-packages/django/utils/decorators.py", line 189, in _view_wrapper
    response = view_func(request, *args, **kwargs)
  File "/usr/local/lib/python3.13/site-packages/django/views/decorators/cache.py", line 79, in _view_wrapper
    response = view_func(request, *args, **kwargs)
  File "/usr/local/lib/python3.13/site-packages/django/contrib/admin/sites.py", line 248, in inner
    return view(request, *args, **kwargs)
  File "/usr/local/lib/python3.13/site-packages/django/contrib/admin/options.py", line 2232, in add_view
    return self.changeform_view(request, None, form_url, extra_context)
           ~~~~~~~~~~~~~~~~~~~~^^^^^^^^^^^^^^^^^^^^^^^^^^^^^^^^^^^^^^^^
  File "/usr/local/lib/python3.13/site-packages/django/utils/decorators.py", line 47, in _wrapper
    return bound_method(*args, **kwargs)
  File "/usr/local/lib/python3.13/site-packages/django/utils/decorators.py", line 191, in _view_wrapper
    result = _process_exception(request, e)
  File "/usr/local/lib/python3.13/site-packages/django/utils/decorators.py", line 189, in _view_wrapper
    response = view_func(request, *args, **kwargs)
  File "/usr/local/lib/python3.13/site-packages/django/contrib/admin/options.py", line 2046, in changeform_view
    return self._changeform_view(request, object_id, form_url, extra_context)
           ~~~~~~~~~~~~~~~~~~~~~^^^^^^^^^^^^^^^^^^^^^^^^^^^^^^^^^^^^^^^^^^^^^
  File "/usr/local/lib/python3.13/site-packages/django/contrib/admin/options.py", line 2098, in _changeform_view
    fieldsets = self.get_fieldsets(request, obj)
  File "/usr/local/lib/python3.13/site-packages/django/contrib/admin/options.py", line 459, in get_fieldsets
    return [(None, {"fields": self.get_fields(request, obj)})]
                              ~~~~~~~~~~~~~~~^^^^^^^^^^^^^^
  File "/usr/local/lib/python3.13/site-packages/django/contrib/admin/options.py", line 450, in get_fields
    form = self._get_form_for_get_fields(request, obj)
  File "/usr/local/lib/python3.13/site-packages/django/contrib/admin/options.py", line 845, in _get_form_for_get_fields
    return self.get_form(request, obj, fields=None)
           ~~~~~~~~~~~~~^^^^^^^^^^^^^^^^^^^^^^^^^^^
  File "/usr/local/lib/python3.13/site-packages/django/contrib/admin/options.py", line 896, in get_form
    return modelform_factory(self.model, **defaults)
  File "/usr/local/lib/python3.13/site-packages/django/forms/models.py", line 675, in modelform_factory
    return type(form)(class_name, (form,), form_class_attrs)
           ~~~~~~~~~~^^^^^^^^^^^^^^^^^^^^^^^^^^^^^^^^^^^^^^^
  File "/usr/local/lib/python3.13/site-packages/django/forms/models.py", line 314, in __new__
    fields = fields_for_model(
        opts.model,
    ...<11 lines>...
        form_declared_fields=new_class.declared_fields,
    )
  File "/usr/local/lib/python3.13/site-packages/django/forms/models.py", line 243, in fields_for_model
    formfield = formfield_callback(f, **kwargs)
  File "/usr/local/lib/python3.13/site-packages/django/contrib/gis/admin/options.py", line 14, in formfield_for_dbfield
    kwargs["widget"] = self.gis_widget(**self.gis_widget_kwargs)
                       ~~~~~~~~~~~~~~~^^^^^^^^^^^^^^^^^^^^^^^^^^
TypeError: OSMWidget.__init__() got an unexpected keyword argument 'default_zoom'
[INFO] 2026-08-10 21:58:38,705 django.utils.autoreload: /app/locations/admin.py changed, reloading.
[INFO] 2026-08-10 21:58:39,037 django.utils.autoreload: Watching for file changes with StatReloader
[INFO] 2026-08-10 22:01:52,277 monitoring: Starting subdomain database seed process...
[INFO] 2026-08-10 22:01:52,309 monitoring: Successfully seeded 5 subdomains (5 new created).
[INFO] 2026-08-10 22:09:55,880 django.utils.autoreload: Watching for file changes with StatReloader
[INFO] 2026-08-10 22:25:25,122 django.utils.autoreload: Watching for file changes with StatReloader
[INFO] 2026-08-10 22:28:48,561 django.utils.autoreload: /app/organizations/models.py changed, reloading.
[INFO] 2026-08-10 22:28:48,870 django.utils.autoreload: Watching for file changes with StatReloader
[INFO] 2026-08-10 22:28:58,018 django.utils.autoreload: /app/organizations/models.py changed, reloading.
[INFO] 2026-08-10 22:28:58,303 django.utils.autoreload: Watching for file changes with StatReloader
[INFO] 2026-08-10 22:29:56,815 django.utils.autoreload: /app/organizations/admin.py changed, reloading.
[INFO] 2026-08-10 22:29:57,207 django.utils.autoreload: Watching for file changes with StatReloader
[INFO] 2026-08-10 22:30:12,392 django.utils.autoreload: /app/config/urls.py changed, reloading.
[INFO] 2026-08-10 22:30:12,782 django.utils.autoreload: Watching for file changes with StatReloader
[ERROR] 2026-08-11 07:17:09,482 celery.utils.dispatch.signal: Signal handler <bound method DjangoFixup.on_import_modules of <celery.fixups.django.DjangoFixup object at 0x7f9df1f66f90>> raised: ImproperlyConfigured("The included URLconf '<module 'organizations.urls' from '/app/organizations/urls.py'>' does not appear to have any patterns in it. If you see the 'urlpatterns' variable with valid patterns in the file then the issue is probably caused by a circular import.")
Traceback (most recent call last):
  File "/usr/local/lib/python3.13/site-packages/django/urls/resolvers.py", line 731, in url_patterns
    iter(patterns)
    ~~~~^^^^^^^^^^
TypeError: 'module' object is not iterable

The above exception was the direct cause of the following exception:

Traceback (most recent call last):
  File "/usr/local/lib/python3.13/site-packages/celery/utils/dispatch/signal.py", line 280, in send
    response = receiver(signal=self, sender=sender, **named)
  File "/usr/local/lib/python3.13/site-packages/celery/fixups/django.py", line 103, in on_import_modules
    self.worker_fixup.validate_models()
    ~~~~~~~~~~~~~~~~~~~~~~~~~~~~~~~~~^^
  File "/usr/local/lib/python3.13/site-packages/celery/fixups/django.py", line 154, in validate_models
    run_checks()
    ~~~~~~~~~~^^
  File "/usr/local/lib/python3.13/site-packages/django/core/checks/registry.py", line 99, in run_checks
    new_errors = check(app_configs=app_configs, databases=databases)
  File "/usr/local/lib/python3.13/site-packages/django/core/checks/urls.py", line 16, in check_url_config
    return check_resolver(resolver)
  File "/usr/local/lib/python3.13/site-packages/django/core/checks/urls.py", line 26, in check_resolver
    return check_method()
  File "/usr/local/lib/python3.13/site-packages/django/urls/resolvers.py", line 542, in check
    messages.extend(check_resolver(pattern))
                    ~~~~~~~~~~~~~~^^^^^^^^^
  File "/usr/local/lib/python3.13/site-packages/django/core/checks/urls.py", line 26, in check_resolver
    return check_method()
  File "/usr/local/lib/python3.13/site-packages/django/urls/resolvers.py", line 541, in check
    for pattern in self.url_patterns:
                   ^^^^^^^^^^^^^^^^^
  File "/usr/local/lib/python3.13/site-packages/django/utils/functional.py", line 47, in __get__
    res = instance.__dict__[self.name] = self.func(instance)
                                         ~~~~~~~~~^^^^^^^^^^
  File "/usr/local/lib/python3.13/site-packages/django/urls/resolvers.py", line 739, in url_patterns
    raise ImproperlyConfigured(msg.format(name=self.urlconf_name)) from e
django.core.exceptions.ImproperlyConfigured: The included URLconf '<module 'organizations.urls' from '/app/organizations/urls.py'>' does not appear to have any patterns in it. If you see the 'urlpatterns' variable with valid patterns in the file then the issue is probably caused by a circular import.
[INFO] 2026-08-11 08:24:40,452 django.utils.autoreload: Watching for file changes with StatReloader
[INFO] 2026-08-11 08:25:29,974 django.utils.autoreload: Watching for file changes with StatReloader
[INFO] 2026-08-11 08:28:12,846 django.utils.autoreload: Watching for file changes with StatReloader
[INFO] 2026-08-11 08:31:50,377 django.utils.autoreload: /app/config/settings.py changed, reloading.
[INFO] 2026-08-11 08:31:50,787 django.utils.autoreload: Watching for file changes with StatReloader
[INFO] 2026-08-11 08:32:09,208 django.utils.autoreload: Watching for file changes with StatReloader
[WARNING] 2026-08-11 08:32:24,972 django.request: Not Found: /favicon.ico
[ERROR] 2026-08-11 08:32:26,465 django.request: Internal Server Error: /admin/locations/administrativeunit/
Traceback (most recent call last):
  File "/usr/local/lib/python3.13/site-packages/django/db/backends/utils.py", line 105, in _execute
    return self.cursor.execute(sql, params)
           ~~~~~~~~~~~~~~~~~~~^^^^^^^^^^^^^
  File "/usr/local/lib/python3.13/site-packages/psycopg/cursor.py", line 117, in execute
    raise ex.with_traceback(None)
psycopg.errors.UndefinedColumn: column locations_administrativeunit.name_en does not exist
LINE 1: ...nit"."id", "locations_administrativeunit"."name", "locations...
                                                             ^
HINT:  Perhaps you meant to reference the column "locations_administrativeunit.name".

The above exception was the direct cause of the following exception:

Traceback (most recent call last):
  File "/usr/local/lib/python3.13/site-packages/django/core/handlers/exception.py", line 56, in inner
    response = get_response(request)
  File "/usr/local/lib/python3.13/site-packages/django/core/handlers/base.py", line 199, in _get_response
    response = wrapped_callback(request, *callback_args, **callback_kwargs)
  File "/usr/local/lib/python3.13/site-packages/django/contrib/admin/options.py", line 776, in wrapper
    return self.admin_site.admin_view(view)(*args, **kwargs)
           ~~~~~~~~~~~~~~~~~~~~~~~~~~~~~~~~^^^^^^^^^^^^^^^^^
  File "/usr/local/lib/python3.13/site-packages/django/utils/decorators.py", line 191, in _view_wrapper
    result = _process_exception(request, e)
  File "/usr/local/lib/python3.13/site-packages/django/utils/decorators.py", line 189, in _view_wrapper
    response = view_func(request, *args, **kwargs)
  File "/usr/local/lib/python3.13/site-packages/django/views/decorators/cache.py", line 79, in _view_wrapper
    response = view_func(request, *args, **kwargs)
  File "/usr/local/lib/python3.13/site-packages/django/contrib/admin/sites.py", line 248, in inner
    return view(request, *args, **kwargs)
  File "/usr/local/lib/python3.13/site-packages/django/utils/decorators.py", line 47, in _wrapper
    return bound_method(*args, **kwargs)
  File "/usr/local/lib/python3.13/site-packages/django/utils/decorators.py", line 191, in _view_wrapper
    result = _process_exception(request, e)
  File "/usr/local/lib/python3.13/site-packages/django/utils/decorators.py", line 189, in _view_wrapper
    response = view_func(request, *args, **kwargs)
  File "/usr/local/lib/python3.13/site-packages/django/contrib/admin/options.py", line 2316, in changelist_view
    cl = self.get_changelist_instance(request)
  File "/usr/local/lib/python3.13/site-packages/django/contrib/admin/options.py", line 941, in get_changelist_instance
    return ChangeList(
        request,
    ...<12 lines>...
        self.search_help_text,
    )
  File "/usr/local/lib/python3.13/site-packages/django/contrib/admin/views/main.py", line 144, in __init__
    self.queryset = self.get_queryset(request)
                    ~~~~~~~~~~~~~~~~~^^^^^^^^^
  File "/usr/local/lib/python3.13/site-packages/django/contrib/admin/views/main.py", line 472, in get_queryset
    ) = self.get_filters(request)
        ~~~~~~~~~~~~~~~~^^^^^^^^^
  File "/usr/local/lib/python3.13/site-packages/django/contrib/admin/views/main.py", line 205, in get_filters
    spec = field_list_filter_class(
        field,
    ...<4 lines>...
        field_path=field_path,
    )
  File "/usr/local/lib/python3.13/site-packages/django/contrib/admin/filters.py", line 217, in create
    return list_filter_class(
        field, request, params, model, model_admin, field_path=field_path
    )
  File "/usr/local/lib/python3.13/site-packages/django/contrib/admin/filters.py", line 232, in __init__
    self.lookup_choices = self.field_choices(field, request, model_admin)
                          ~~~~~~~~~~~~~~~~~~^^^^^^^^^^^^^^^^^^^^^^^^^^^^^
  File "/usr/local/lib/python3.13/site-packages/django/contrib/admin/filters.py", line 273, in field_choices
    return field.get_choices(include_blank=False, ordering=ordering)
           ~~~~~~~~~~~~~~~~~^^^^^^^^^^^^^^^^^^^^^^^^^^^^^^^^^^^^^^^^
  File "/usr/local/lib/python3.13/site-packages/django/db/models/fields/__init__.py", line 1124, in get_choices
    (choice_func(x), str(x)) for x in qs
                                      ^^
  File "/usr/local/lib/python3.13/site-packages/django/db/models/query.py", line 434, in __iter__
    self._fetch_all()
    ~~~~~~~~~~~~~~~^^
  File "/usr/local/lib/python3.13/site-packages/django/db/models/query.py", line 2239, in _fetch_all
    self._result_cache = list(self._iterable_class(self))
                         ~~~~^^^^^^^^^^^^^^^^^^^^^^^^^^^^
  File "/usr/local/lib/python3.13/site-packages/django/db/models/query.py", line 98, in __iter__
    results = compiler.execute_sql(
        chunked_fetch=self.chunked_fetch, chunk_size=self.chunk_size
    )
  File "/usr/local/lib/python3.13/site-packages/django/db/models/sql/compiler.py", line 1624, in execute_sql
    cursor.execute(sql, params)
    ~~~~~~~~~~~~~~^^^^^^^^^^^^^
  File "/usr/local/lib/python3.13/site-packages/django/db/backends/utils.py", line 122, in execute
    return super().execute(sql, params)
           ~~~~~~~~~~~~~~~^^^^^^^^^^^^^
  File "/usr/local/lib/python3.13/site-packages/django/db/backends/utils.py", line 79, in execute
    return self._execute_with_wrappers(
           ~~~~~~~~~~~~~~~~~~~~~~~~~~~^
        sql, params, many=False, executor=self._execute
        ^^^^^^^^^^^^^^^^^^^^^^^^^^^^^^^^^^^^^^^^^^^^^^^
    )
    ^
  File "/usr/local/lib/python3.13/site-packages/django/db/backends/utils.py", line 92, in _execute_with_wrappers
    return executor(sql, params, many, context)
  File "/usr/local/lib/python3.13/site-packages/django/db/backends/utils.py", line 100, in _execute
    with self.db.wrap_database_errors:
         ^^^^^^^^^^^^^^^^^^^^^^^^^^^^
  File "/usr/local/lib/python3.13/site-packages/django/db/utils.py", line 94, in __exit__
    raise dj_exc_value.with_traceback(traceback) from exc_value
  File "/usr/local/lib/python3.13/site-packages/django/db/backends/utils.py", line 105, in _execute
    return self.cursor.execute(sql, params)
           ~~~~~~~~~~~~~~~~~~~^^^^^^^^^^^^^
  File "/usr/local/lib/python3.13/site-packages/psycopg/cursor.py", line 117, in execute
    raise ex.with_traceback(None)
django.db.utils.ProgrammingError: column locations_administrativeunit.name_en does not exist
LINE 1: ...nit"."id", "locations_administrativeunit"."name", "locations...
                                                             ^
HINT:  Perhaps you meant to reference the column "locations_administrativeunit.name".
[ERROR] 2026-08-11 08:32:29,229 django.request: Internal Server Error: /admin/locations/administrativeunit/
Traceback (most recent call last):
  File "/usr/local/lib/python3.13/site-packages/django/db/backends/utils.py", line 105, in _execute
    return self.cursor.execute(sql, params)
           ~~~~~~~~~~~~~~~~~~~^^^^^^^^^^^^^
  File "/usr/local/lib/python3.13/site-packages/psycopg/cursor.py", line 117, in execute
    raise ex.with_traceback(None)
psycopg.errors.UndefinedColumn: column locations_administrativeunit.name_en does not exist
LINE 1: ...nit"."id", "locations_administrativeunit"."name", "locations...
                                                             ^
HINT:  Perhaps you meant to reference the column "locations_administrativeunit.name".

The above exception was the direct cause of the following exception:

Traceback (most recent call last):
  File "/usr/local/lib/python3.13/site-packages/django/core/handlers/exception.py", line 56, in inner
    response = get_response(request)
  File "/usr/local/lib/python3.13/site-packages/django/core/handlers/base.py", line 199, in _get_response
    response = wrapped_callback(request, *callback_args, **callback_kwargs)
  File "/usr/local/lib/python3.13/site-packages/django/contrib/admin/options.py", line 776, in wrapper
    return self.admin_site.admin_view(view)(*args, **kwargs)
           ~~~~~~~~~~~~~~~~~~~~~~~~~~~~~~~~^^^^^^^^^^^^^^^^^
  File "/usr/local/lib/python3.13/site-packages/django/utils/decorators.py", line 191, in _view_wrapper
    result = _process_exception(request, e)
  File "/usr/local/lib/python3.13/site-packages/django/utils/decorators.py", line 189, in _view_wrapper
    response = view_func(request, *args, **kwargs)
  File "/usr/local/lib/python3.13/site-packages/django/views/decorators/cache.py", line 79, in _view_wrapper
    response = view_func(request, *args, **kwargs)
  File "/usr/local/lib/python3.13/site-packages/django/contrib/admin/sites.py", line 248, in inner
    return view(request, *args, **kwargs)
  File "/usr/local/lib/python3.13/site-packages/django/utils/decorators.py", line 47, in _wrapper
    return bound_method(*args, **kwargs)
  File "/usr/local/lib/python3.13/site-packages/django/utils/decorators.py", line 191, in _view_wrapper
    result = _process_exception(request, e)
  File "/usr/local/lib/python3.13/site-packages/django/utils/decorators.py", line 189, in _view_wrapper
    response = view_func(request, *args, **kwargs)
  File "/usr/local/lib/python3.13/site-packages/django/contrib/admin/options.py", line 2316, in changelist_view
    cl = self.get_changelist_instance(request)
  File "/usr/local/lib/python3.13/site-packages/django/contrib/admin/options.py", line 941, in get_changelist_instance
    return ChangeList(
        request,
    ...<12 lines>...
        self.search_help_text,
    )
  File "/usr/local/lib/python3.13/site-packages/django/contrib/admin/views/main.py", line 144, in __init__
    self.queryset = self.get_queryset(request)
                    ~~~~~~~~~~~~~~~~~^^^^^^^^^
  File "/usr/local/lib/python3.13/site-packages/django/contrib/admin/views/main.py", line 472, in get_queryset
    ) = self.get_filters(request)
        ~~~~~~~~~~~~~~~~^^^^^^^^^
  File "/usr/local/lib/python3.13/site-packages/django/contrib/admin/views/main.py", line 205, in get_filters
    spec = field_list_filter_class(
        field,
    ...<4 lines>...
        field_path=field_path,
    )
  File "/usr/local/lib/python3.13/site-packages/django/contrib/admin/filters.py", line 217, in create
    return list_filter_class(
        field, request, params, model, model_admin, field_path=field_path
    )
  File "/usr/local/lib/python3.13/site-packages/django/contrib/admin/filters.py", line 232, in __init__
    self.lookup_choices = self.field_choices(field, request, model_admin)
                          ~~~~~~~~~~~~~~~~~~^^^^^^^^^^^^^^^^^^^^^^^^^^^^^
  File "/usr/local/lib/python3.13/site-packages/django/contrib/admin/filters.py", line 273, in field_choices
    return field.get_choices(include_blank=False, ordering=ordering)
           ~~~~~~~~~~~~~~~~~^^^^^^^^^^^^^^^^^^^^^^^^^^^^^^^^^^^^^^^^
  File "/usr/local/lib/python3.13/site-packages/django/db/models/fields/__init__.py", line 1124, in get_choices
    (choice_func(x), str(x)) for x in qs
                                      ^^
  File "/usr/local/lib/python3.13/site-packages/django/db/models/query.py", line 434, in __iter__
    self._fetch_all()
    ~~~~~~~~~~~~~~~^^
  File "/usr/local/lib/python3.13/site-packages/django/db/models/query.py", line 2239, in _fetch_all
    self._result_cache = list(self._iterable_class(self))
                         ~~~~^^^^^^^^^^^^^^^^^^^^^^^^^^^^
  File "/usr/local/lib/python3.13/site-packages/django/db/models/query.py", line 98, in __iter__
    results = compiler.execute_sql(
        chunked_fetch=self.chunked_fetch, chunk_size=self.chunk_size
    )
  File "/usr/local/lib/python3.13/site-packages/django/db/models/sql/compiler.py", line 1624, in execute_sql
    cursor.execute(sql, params)
    ~~~~~~~~~~~~~~^^^^^^^^^^^^^
  File "/usr/local/lib/python3.13/site-packages/django/db/backends/utils.py", line 122, in execute
    return super().execute(sql, params)
           ~~~~~~~~~~~~~~~^^^^^^^^^^^^^
  File "/usr/local/lib/python3.13/site-packages/django/db/backends/utils.py", line 79, in execute
    return self._execute_with_wrappers(
           ~~~~~~~~~~~~~~~~~~~~~~~~~~~^
        sql, params, many=False, executor=self._execute
        ^^^^^^^^^^^^^^^^^^^^^^^^^^^^^^^^^^^^^^^^^^^^^^^
    )
    ^
  File "/usr/local/lib/python3.13/site-packages/django/db/backends/utils.py", line 92, in _execute_with_wrappers
    return executor(sql, params, many, context)
  File "/usr/local/lib/python3.13/site-packages/django/db/backends/utils.py", line 100, in _execute
    with self.db.wrap_database_errors:
         ^^^^^^^^^^^^^^^^^^^^^^^^^^^^
  File "/usr/local/lib/python3.13/site-packages/django/db/utils.py", line 94, in __exit__
    raise dj_exc_value.with_traceback(traceback) from exc_value
  File "/usr/local/lib/python3.13/site-packages/django/db/backends/utils.py", line 105, in _execute
    return self.cursor.execute(sql, params)
           ~~~~~~~~~~~~~~~~~~~^^^^^^^^^^^^^
  File "/usr/local/lib/python3.13/site-packages/psycopg/cursor.py", line 117, in execute
    raise ex.with_traceback(None)
django.db.utils.ProgrammingError: column locations_administrativeunit.name_en does not exist
LINE 1: ...nit"."id", "locations_administrativeunit"."name", "locations...
                                                             ^
HINT:  Perhaps you meant to reference the column "locations_administrativeunit.name".
[ERROR] 2026-08-11 08:32:32,793 django.request: Internal Server Error: /admin/observations/geoobservation/
Traceback (most recent call last):
  File "/usr/local/lib/python3.13/site-packages/django/db/backends/utils.py", line 105, in _execute
    return self.cursor.execute(sql, params)
           ~~~~~~~~~~~~~~~~~~~^^^^^^^^^^^^^
  File "/usr/local/lib/python3.13/site-packages/psycopg/cursor.py", line 117, in execute
    raise ex.with_traceback(None)
psycopg.errors.UndefinedColumn: column locations_administrativeunit.name_en does not exist
LINE 1: ...nit"."id", "locations_administrativeunit"."name", "locations...
                                                             ^
HINT:  Perhaps you meant to reference the column "locations_administrativeunit.name".

The above exception was the direct cause of the following exception:

Traceback (most recent call last):
  File "/usr/local/lib/python3.13/site-packages/django/core/handlers/exception.py", line 56, in inner
    response = get_response(request)
  File "/usr/local/lib/python3.13/site-packages/django/core/handlers/base.py", line 199, in _get_response
    response = wrapped_callback(request, *callback_args, **callback_kwargs)
  File "/usr/local/lib/python3.13/site-packages/django/contrib/admin/options.py", line 776, in wrapper
    return self.admin_site.admin_view(view)(*args, **kwargs)
           ~~~~~~~~~~~~~~~~~~~~~~~~~~~~~~~~^^^^^^^^^^^^^^^^^
  File "/usr/local/lib/python3.13/site-packages/django/utils/decorators.py", line 191, in _view_wrapper
    result = _process_exception(request, e)
  File "/usr/local/lib/python3.13/site-packages/django/utils/decorators.py", line 189, in _view_wrapper
    response = view_func(request, *args, **kwargs)
  File "/usr/local/lib/python3.13/site-packages/django/views/decorators/cache.py", line 79, in _view_wrapper
    response = view_func(request, *args, **kwargs)
  File "/usr/local/lib/python3.13/site-packages/django/contrib/admin/sites.py", line 248, in inner
    return view(request, *args, **kwargs)
  File "/usr/local/lib/python3.13/site-packages/django/utils/decorators.py", line 47, in _wrapper
    return bound_method(*args, **kwargs)
  File "/usr/local/lib/python3.13/site-packages/django/utils/decorators.py", line 191, in _view_wrapper
    result = _process_exception(request, e)
  File "/usr/local/lib/python3.13/site-packages/django/utils/decorators.py", line 189, in _view_wrapper
    response = view_func(request, *args, **kwargs)
  File "/usr/local/lib/python3.13/site-packages/django/contrib/admin/options.py", line 2316, in changelist_view
    cl = self.get_changelist_instance(request)
  File "/usr/local/lib/python3.13/site-packages/django/contrib/admin/options.py", line 941, in get_changelist_instance
    return ChangeList(
        request,
    ...<12 lines>...
        self.search_help_text,
    )
  File "/usr/local/lib/python3.13/site-packages/django/contrib/admin/views/main.py", line 144, in __init__
    self.queryset = self.get_queryset(request)
                    ~~~~~~~~~~~~~~~~~^^^^^^^^^
  File "/usr/local/lib/python3.13/site-packages/django/contrib/admin/views/main.py", line 472, in get_queryset
    ) = self.get_filters(request)
        ~~~~~~~~~~~~~~~~^^^^^^^^^
  File "/usr/local/lib/python3.13/site-packages/django/contrib/admin/views/main.py", line 205, in get_filters
    spec = field_list_filter_class(
        field,
    ...<4 lines>...
        field_path=field_path,
    )
  File "/usr/local/lib/python3.13/site-packages/django/contrib/admin/filters.py", line 217, in create
    return list_filter_class(
        field, request, params, model, model_admin, field_path=field_path
    )
  File "/usr/local/lib/python3.13/site-packages/django/contrib/admin/filters.py", line 232, in __init__
    self.lookup_choices = self.field_choices(field, request, model_admin)
                          ~~~~~~~~~~~~~~~~~~^^^^^^^^^^^^^^^^^^^^^^^^^^^^^
  File "/usr/local/lib/python3.13/site-packages/django/contrib/admin/filters.py", line 273, in field_choices
    return field.get_choices(include_blank=False, ordering=ordering)
           ~~~~~~~~~~~~~~~~~^^^^^^^^^^^^^^^^^^^^^^^^^^^^^^^^^^^^^^^^
  File "/usr/local/lib/python3.13/site-packages/django/db/models/fields/__init__.py", line 1124, in get_choices
    (choice_func(x), str(x)) for x in qs
                                      ^^
  File "/usr/local/lib/python3.13/site-packages/django/db/models/query.py", line 434, in __iter__
    self._fetch_all()
    ~~~~~~~~~~~~~~~^^
  File "/usr/local/lib/python3.13/site-packages/django/db/models/query.py", line 2239, in _fetch_all
    self._result_cache = list(self._iterable_class(self))
                         ~~~~^^^^^^^^^^^^^^^^^^^^^^^^^^^^
  File "/usr/local/lib/python3.13/site-packages/django/db/models/query.py", line 98, in __iter__
    results = compiler.execute_sql(
        chunked_fetch=self.chunked_fetch, chunk_size=self.chunk_size
    )
  File "/usr/local/lib/python3.13/site-packages/django/db/models/sql/compiler.py", line 1624, in execute_sql
    cursor.execute(sql, params)
    ~~~~~~~~~~~~~~^^^^^^^^^^^^^
  File "/usr/local/lib/python3.13/site-packages/django/db/backends/utils.py", line 122, in execute
    return super().execute(sql, params)
           ~~~~~~~~~~~~~~~^^^^^^^^^^^^^
  File "/usr/local/lib/python3.13/site-packages/django/db/backends/utils.py", line 79, in execute
    return self._execute_with_wrappers(
           ~~~~~~~~~~~~~~~~~~~~~~~~~~~^
        sql, params, many=False, executor=self._execute
        ^^^^^^^^^^^^^^^^^^^^^^^^^^^^^^^^^^^^^^^^^^^^^^^
    )
    ^
  File "/usr/local/lib/python3.13/site-packages/django/db/backends/utils.py", line 92, in _execute_with_wrappers
    return executor(sql, params, many, context)
  File "/usr/local/lib/python3.13/site-packages/django/db/backends/utils.py", line 100, in _execute
    with self.db.wrap_database_errors:
         ^^^^^^^^^^^^^^^^^^^^^^^^^^^^
  File "/usr/local/lib/python3.13/site-packages/django/db/utils.py", line 94, in __exit__
    raise dj_exc_value.with_traceback(traceback) from exc_value
  File "/usr/local/lib/python3.13/site-packages/django/db/backends/utils.py", line 105, in _execute
    return self.cursor.execute(sql, params)
           ~~~~~~~~~~~~~~~~~~~^^^^^^^^^^^^^
  File "/usr/local/lib/python3.13/site-packages/psycopg/cursor.py", line 117, in execute
    raise ex.with_traceback(None)
django.db.utils.ProgrammingError: column locations_administrativeunit.name_en does not exist
LINE 1: ...nit"."id", "locations_administrativeunit"."name", "locations...
                                                             ^
HINT:  Perhaps you meant to reference the column "locations_administrativeunit.name".
[INFO] 2026-08-11 08:36:26,191 monitoring: Auto-assigned admin_unit 'bern' (Level 2) to GeoObservation 'polution'
[INFO] 2026-08-12 14:07:45,512 django.utils.autoreload: Watching for file changes with StatReloader
[INFO] 2026-08-12 18:52:25,707 django.utils.autoreload: Watching for file changes with StatReloader
[WARNING] 2026-08-12 18:53:31,900 django.request: Not Found: /api/v1/auth/login/
[WARNING] 2026-08-12 18:54:49,677 django.request: Bad Request: /api/v1/users/login/
[WARNING] 2026-08-12 18:57:12,483 django.request: Bad Request: /api/v1/organizations/
[INFO] 2026-08-12 18:58:27,499 monitoring: Created Organization id=21d47c69-ab02-43bc-95ce-d3e66bb9fe55 name='Test Organization' code='TE'
[WARNING] 2026-08-12 18:58:35,648 django.request: Not Found: /favicon.ico
[INFO] 2026-08-12 19:01:08,743 django.utils.autoreload: /app/organizations/admin.py changed, reloading.
[INFO] 2026-08-12 19:01:09,103 django.utils.autoreload: Watching for file changes with StatReloader
[INFO] 2026-08-12 19:01:47,419 django.utils.autoreload: /app/organizations/admin.py changed, reloading.
[INFO] 2026-08-12 19:01:47,742 django.utils.autoreload: Watching for file changes with StatReloader
[INFO] 2026-08-12 19:21:43,553 django.utils.autoreload: /app/organizations/admin.py changed, reloading.
[INFO] 2026-08-12 19:21:43,919 django.utils.autoreload: Watching for file changes with StatReloader
[INFO] 2026-08-12 19:22:13,191 django.utils.autoreload: /app/organizations/admin.py changed, reloading.
[INFO] 2026-08-12 19:22:13,515 django.utils.autoreload: Watching for file changes with StatReloader
[INFO] 2026-08-12 19:22:54,831 django.utils.autoreload: /app/organizations/admin.py changed, reloading.
[INFO] 2026-08-12 19:22:55,139 django.utils.autoreload: Watching for file changes with StatReloader
[INFO] 2026-08-12 19:26:04,702 django.utils.autoreload: /app/observations/admin.py changed, reloading.
[INFO] 2026-08-12 19:26:05,049 django.utils.autoreload: Watching for file changes with StatReloader
[INFO] 2026-08-12 19:30:08,103 django.utils.autoreload: /app/config/settings.py changed, reloading.
[INFO] 2026-08-12 19:30:08,430 django.utils.autoreload: Watching for file changes with StatReloader
[INFO] 2026-08-12 19:30:24,665 django.utils.autoreload: /app/config/settings.py changed, reloading.
[INFO] 2026-08-12 19:30:25,003 django.utils.autoreload: Watching for file changes with StatReloader
[INFO] 2026-08-12 22:01:50,885 django.utils.autoreload: /app/config/settings.py changed, reloading.
[INFO] 2026-08-12 22:01:51,251 django.utils.autoreload: Watching for file changes with StatReloader
[ERROR] 2026-08-12 22:06:50,753 django.request: Internal Server Error: /admin/observations/geoobservation/
Traceback (most recent call last):
  File "/usr/local/lib/python3.13/site-packages/django/db/backends/utils.py", line 105, in _execute
    return self.cursor.execute(sql, params)
           ~~~~~~~~~~~~~~~~~~~^^^^^^^^^^^^^
  File "/usr/local/lib/python3.13/site-packages/psycopg/cursor.py", line 117, in execute
    raise ex.with_traceback(None)
psycopg.errors.UndefinedColumn: column observations_geoobservation.title_ar does not exist
LINE 1: ...ion"."id", "observations_geoobservation"."title", "observati...
                                                             ^
HINT:  Perhaps you meant to reference the column "observations_geoobservation.title".

The above exception was the direct cause of the following exception:

Traceback (most recent call last):
  File "/usr/local/lib/python3.13/site-packages/django/core/handlers/exception.py", line 56, in inner
    response = get_response(request)
  File "/usr/local/lib/python3.13/site-packages/django/core/handlers/base.py", line 199, in _get_response
    response = wrapped_callback(request, *callback_args, **callback_kwargs)
  File "/usr/local/lib/python3.13/site-packages/django/contrib/admin/options.py", line 776, in wrapper
    return self.admin_site.admin_view(view)(*args, **kwargs)
           ~~~~~~~~~~~~~~~~~~~~~~~~~~~~~~~~^^^^^^^^^^^^^^^^^
  File "/usr/local/lib/python3.13/site-packages/django/utils/decorators.py", line 191, in _view_wrapper
    result = _process_exception(request, e)
  File "/usr/local/lib/python3.13/site-packages/django/utils/decorators.py", line 189, in _view_wrapper
    response = view_func(request, *args, **kwargs)
  File "/usr/local/lib/python3.13/site-packages/django/views/decorators/cache.py", line 79, in _view_wrapper
    response = view_func(request, *args, **kwargs)
  File "/usr/local/lib/python3.13/site-packages/django/contrib/admin/sites.py", line 248, in inner
    return view(request, *args, **kwargs)
  File "/usr/local/lib/python3.13/site-packages/django/utils/decorators.py", line 47, in _wrapper
    return bound_method(*args, **kwargs)
  File "/usr/local/lib/python3.13/site-packages/django/utils/decorators.py", line 191, in _view_wrapper
    result = _process_exception(request, e)
  File "/usr/local/lib/python3.13/site-packages/django/utils/decorators.py", line 189, in _view_wrapper
    response = view_func(request, *args, **kwargs)
  File "/usr/local/lib/python3.13/site-packages/django/contrib/admin/options.py", line 2448, in changelist_view
    "selection_note": _("0 of %(cnt)s selected") % {"cnt": len(cl.result_list)},
                                                           ~~~^^^^^^^^^^^^^^^^
  File "/usr/local/lib/python3.13/site-packages/django/db/models/query.py", line 416, in __len__
    self._fetch_all()
    ~~~~~~~~~~~~~~~^^
  File "/usr/local/lib/python3.13/site-packages/django/db/models/query.py", line 2239, in _fetch_all
    self._result_cache = list(self._iterable_class(self))
                         ~~~~^^^^^^^^^^^^^^^^^^^^^^^^^^^^
  File "/usr/local/lib/python3.13/site-packages/django/db/models/query.py", line 98, in __iter__
    results = compiler.execute_sql(
        chunked_fetch=self.chunked_fetch, chunk_size=self.chunk_size
    )
  File "/usr/local/lib/python3.13/site-packages/django/db/models/sql/compiler.py", line 1624, in execute_sql
    cursor.execute(sql, params)
    ~~~~~~~~~~~~~~^^^^^^^^^^^^^
  File "/usr/local/lib/python3.13/site-packages/django/db/backends/utils.py", line 122, in execute
    return super().execute(sql, params)
           ~~~~~~~~~~~~~~~^^^^^^^^^^^^^
  File "/usr/local/lib/python3.13/site-packages/django/db/backends/utils.py", line 79, in execute
    return self._execute_with_wrappers(
           ~~~~~~~~~~~~~~~~~~~~~~~~~~~^
        sql, params, many=False, executor=self._execute
        ^^^^^^^^^^^^^^^^^^^^^^^^^^^^^^^^^^^^^^^^^^^^^^^
    )
    ^
  File "/usr/local/lib/python3.13/site-packages/django/db/backends/utils.py", line 92, in _execute_with_wrappers
    return executor(sql, params, many, context)
  File "/usr/local/lib/python3.13/site-packages/django/db/backends/utils.py", line 100, in _execute
    with self.db.wrap_database_errors:
         ^^^^^^^^^^^^^^^^^^^^^^^^^^^^
  File "/usr/local/lib/python3.13/site-packages/django/db/utils.py", line 94, in __exit__
    raise dj_exc_value.with_traceback(traceback) from exc_value
  File "/usr/local/lib/python3.13/site-packages/django/db/backends/utils.py", line 105, in _execute
    return self.cursor.execute(sql, params)
           ~~~~~~~~~~~~~~~~~~~^^^^^^^^^^^^^
  File "/usr/local/lib/python3.13/site-packages/psycopg/cursor.py", line 117, in execute
    raise ex.with_traceback(None)
django.db.utils.ProgrammingError: column observations_geoobservation.title_ar does not exist
LINE 1: ...ion"."id", "observations_geoobservation"."title", "observati...
                                                             ^
HINT:  Perhaps you meant to reference the column "observations_geoobservation.title".
[ERROR] 2026-08-12 22:06:55,577 django.request: Internal Server Error: /admin/observations/geoobservation/
Traceback (most recent call last):
  File "/usr/local/lib/python3.13/site-packages/django/db/backends/utils.py", line 105, in _execute
    return self.cursor.execute(sql, params)
           ~~~~~~~~~~~~~~~~~~~^^^^^^^^^^^^^
  File "/usr/local/lib/python3.13/site-packages/psycopg/cursor.py", line 117, in execute
    raise ex.with_traceback(None)
psycopg.errors.UndefinedColumn: column observations_geoobservation.title_ar does not exist
LINE 1: ...ion"."id", "observations_geoobservation"."title", "observati...
                                                             ^
HINT:  Perhaps you meant to reference the column "observations_geoobservation.title".

The above exception was the direct cause of the following exception:

Traceback (most recent call last):
  File "/usr/local/lib/python3.13/site-packages/django/core/handlers/exception.py", line 56, in inner
    response = get_response(request)
  File "/usr/local/lib/python3.13/site-packages/django/core/handlers/base.py", line 199, in _get_response
    response = wrapped_callback(request, *callback_args, **callback_kwargs)
  File "/usr/local/lib/python3.13/site-packages/django/contrib/admin/options.py", line 776, in wrapper
    return self.admin_site.admin_view(view)(*args, **kwargs)
           ~~~~~~~~~~~~~~~~~~~~~~~~~~~~~~~~^^^^^^^^^^^^^^^^^
  File "/usr/local/lib/python3.13/site-packages/django/utils/decorators.py", line 191, in _view_wrapper
    result = _process_exception(request, e)
  File "/usr/local/lib/python3.13/site-packages/django/utils/decorators.py", line 189, in _view_wrapper
    response = view_func(request, *args, **kwargs)
  File "/usr/local/lib/python3.13/site-packages/django/views/decorators/cache.py", line 79, in _view_wrapper
    response = view_func(request, *args, **kwargs)
  File "/usr/local/lib/python3.13/site-packages/django/contrib/admin/sites.py", line 248, in inner
    return view(request, *args, **kwargs)
  File "/usr/local/lib/python3.13/site-packages/django/utils/decorators.py", line 47, in _wrapper
    return bound_method(*args, **kwargs)
  File "/usr/local/lib/python3.13/site-packages/django/utils/decorators.py", line 191, in _view_wrapper
    result = _process_exception(request, e)
  File "/usr/local/lib/python3.13/site-packages/django/utils/decorators.py", line 189, in _view_wrapper
    response = view_func(request, *args, **kwargs)
  File "/usr/local/lib/python3.13/site-packages/django/contrib/admin/options.py", line 2448, in changelist_view
    "selection_note": _("0 of %(cnt)s selected") % {"cnt": len(cl.result_list)},
                                                           ~~~^^^^^^^^^^^^^^^^
  File "/usr/local/lib/python3.13/site-packages/django/db/models/query.py", line 416, in __len__
    self._fetch_all()
    ~~~~~~~~~~~~~~~^^
  File "/usr/local/lib/python3.13/site-packages/django/db/models/query.py", line 2239, in _fetch_all
    self._result_cache = list(self._iterable_class(self))
                         ~~~~^^^^^^^^^^^^^^^^^^^^^^^^^^^^
  File "/usr/local/lib/python3.13/site-packages/django/db/models/query.py", line 98, in __iter__
    results = compiler.execute_sql(
        chunked_fetch=self.chunked_fetch, chunk_size=self.chunk_size
    )
  File "/usr/local/lib/python3.13/site-packages/django/db/models/sql/compiler.py", line 1624, in execute_sql
    cursor.execute(sql, params)
    ~~~~~~~~~~~~~~^^^^^^^^^^^^^
  File "/usr/local/lib/python3.13/site-packages/django/db/backends/utils.py", line 122, in execute
    return super().execute(sql, params)
           ~~~~~~~~~~~~~~~^^^^^^^^^^^^^
  File "/usr/local/lib/python3.13/site-packages/django/db/backends/utils.py", line 79, in execute
    return self._execute_with_wrappers(
           ~~~~~~~~~~~~~~~~~~~~~~~~~~~^
        sql, params, many=False, executor=self._execute
        ^^^^^^^^^^^^^^^^^^^^^^^^^^^^^^^^^^^^^^^^^^^^^^^
    )
    ^
  File "/usr/local/lib/python3.13/site-packages/django/db/backends/utils.py", line 92, in _execute_with_wrappers
    return executor(sql, params, many, context)
  File "/usr/local/lib/python3.13/site-packages/django/db/backends/utils.py", line 100, in _execute
    with self.db.wrap_database_errors:
         ^^^^^^^^^^^^^^^^^^^^^^^^^^^^
  File "/usr/local/lib/python3.13/site-packages/django/db/utils.py", line 94, in __exit__
    raise dj_exc_value.with_traceback(traceback) from exc_value
  File "/usr/local/lib/python3.13/site-packages/django/db/backends/utils.py", line 105, in _execute
    return self.cursor.execute(sql, params)
           ~~~~~~~~~~~~~~~~~~~^^^^^^^^^^^^^
  File "/usr/local/lib/python3.13/site-packages/psycopg/cursor.py", line 117, in execute
    raise ex.with_traceback(None)
django.db.utils.ProgrammingError: column observations_geoobservation.title_ar does not exist
LINE 1: ...ion"."id", "observations_geoobservation"."title", "observati...
                                                             ^
HINT:  Perhaps you meant to reference the column "observations_geoobservation.title".
[INFO] 2026-08-12 22:21:21,475 django.utils.autoreload: Watching for file changes with StatReloader
[ERROR] 2026-08-12 22:21:52,406 django.request: Internal Server Error: /admin/observations/geoobservation/
Traceback (most recent call last):
  File "/usr/local/lib/python3.13/site-packages/django/db/backends/utils.py", line 105, in _execute
    return self.cursor.execute(sql, params)
           ~~~~~~~~~~~~~~~~~~~^^^^^^^^^^^^^
  File "/usr/local/lib/python3.13/site-packages/psycopg/cursor.py", line 117, in execute
    raise ex.with_traceback(None)
psycopg.errors.UndefinedColumn: column observations_geoobservation.title_ar does not exist
LINE 1: ...ion"."id", "observations_geoobservation"."title", "observati...
                                                             ^
HINT:  Perhaps you meant to reference the column "observations_geoobservation.title".

The above exception was the direct cause of the following exception:

Traceback (most recent call last):
  File "/usr/local/lib/python3.13/site-packages/django/core/handlers/exception.py", line 56, in inner
    response = get_response(request)
  File "/usr/local/lib/python3.13/site-packages/django/core/handlers/base.py", line 199, in _get_response
    response = wrapped_callback(request, *callback_args, **callback_kwargs)
  File "/usr/local/lib/python3.13/site-packages/django/contrib/admin/options.py", line 776, in wrapper
    return self.admin_site.admin_view(view)(*args, **kwargs)
           ~~~~~~~~~~~~~~~~~~~~~~~~~~~~~~~~^^^^^^^^^^^^^^^^^
  File "/usr/local/lib/python3.13/site-packages/django/utils/decorators.py", line 191, in _view_wrapper
    result = _process_exception(request, e)
  File "/usr/local/lib/python3.13/site-packages/django/utils/decorators.py", line 189, in _view_wrapper
    response = view_func(request, *args, **kwargs)
  File "/usr/local/lib/python3.13/site-packages/django/views/decorators/cache.py", line 79, in _view_wrapper
    response = view_func(request, *args, **kwargs)
  File "/usr/local/lib/python3.13/site-packages/django/contrib/admin/sites.py", line 248, in inner
    return view(request, *args, **kwargs)
  File "/usr/local/lib/python3.13/site-packages/django/utils/decorators.py", line 47, in _wrapper
    return bound_method(*args, **kwargs)
  File "/usr/local/lib/python3.13/site-packages/django/utils/decorators.py", line 191, in _view_wrapper
    result = _process_exception(request, e)
  File "/usr/local/lib/python3.13/site-packages/django/utils/decorators.py", line 189, in _view_wrapper
    response = view_func(request, *args, **kwargs)
  File "/usr/local/lib/python3.13/site-packages/django/contrib/admin/options.py", line 2448, in changelist_view
    "selection_note": _("0 of %(cnt)s selected") % {"cnt": len(cl.result_list)},
                                                           ~~~^^^^^^^^^^^^^^^^
  File "/usr/local/lib/python3.13/site-packages/django/db/models/query.py", line 416, in __len__
    self._fetch_all()
    ~~~~~~~~~~~~~~~^^
  File "/usr/local/lib/python3.13/site-packages/django/db/models/query.py", line 2239, in _fetch_all
    self._result_cache = list(self._iterable_class(self))
                         ~~~~^^^^^^^^^^^^^^^^^^^^^^^^^^^^
  File "/usr/local/lib/python3.13/site-packages/django/db/models/query.py", line 98, in __iter__
    results = compiler.execute_sql(
        chunked_fetch=self.chunked_fetch, chunk_size=self.chunk_size
    )
  File "/usr/local/lib/python3.13/site-packages/django/db/models/sql/compiler.py", line 1624, in execute_sql
    cursor.execute(sql, params)
    ~~~~~~~~~~~~~~^^^^^^^^^^^^^
  File "/usr/local/lib/python3.13/site-packages/django/db/backends/utils.py", line 122, in execute
    return super().execute(sql, params)
           ~~~~~~~~~~~~~~~^^^^^^^^^^^^^
  File "/usr/local/lib/python3.13/site-packages/django/db/backends/utils.py", line 79, in execute
    return self._execute_with_wrappers(
           ~~~~~~~~~~~~~~~~~~~~~~~~~~~^
        sql, params, many=False, executor=self._execute
        ^^^^^^^^^^^^^^^^^^^^^^^^^^^^^^^^^^^^^^^^^^^^^^^
    )
    ^
  File "/usr/local/lib/python3.13/site-packages/django/db/backends/utils.py", line 92, in _execute_with_wrappers
    return executor(sql, params, many, context)
  File "/usr/local/lib/python3.13/site-packages/django/db/backends/utils.py", line 100, in _execute
    with self.db.wrap_database_errors:
         ^^^^^^^^^^^^^^^^^^^^^^^^^^^^
  File "/usr/local/lib/python3.13/site-packages/django/db/utils.py", line 94, in __exit__
    raise dj_exc_value.with_traceback(traceback) from exc_value
  File "/usr/local/lib/python3.13/site-packages/django/db/backends/utils.py", line 105, in _execute
    return self.cursor.execute(sql, params)
           ~~~~~~~~~~~~~~~~~~~^^^^^^^^^^^^^
  File "/usr/local/lib/python3.13/site-packages/psycopg/cursor.py", line 117, in execute
    raise ex.with_traceback(None)
django.db.utils.ProgrammingError: column observations_geoobservation.title_ar does not exist
LINE 1: ...ion"."id", "observations_geoobservation"."title", "observati...
                                                             ^
HINT:  Perhaps you meant to reference the column "observations_geoobservation.title".
[ERROR] 2026-08-12 22:24:21,291 django.request: Internal Server Error: /admin/observations/geoobservation/
Traceback (most recent call last):
  File "/usr/local/lib/python3.13/site-packages/django/db/backends/utils.py", line 105, in _execute
    return self.cursor.execute(sql, params)
           ~~~~~~~~~~~~~~~~~~~^^^^^^^^^^^^^
  File "/usr/local/lib/python3.13/site-packages/psycopg/cursor.py", line 117, in execute
    raise ex.with_traceback(None)
psycopg.errors.UndefinedColumn: column observations_geoobservation.title_ar does not exist
LINE 1: ...ion"."id", "observations_geoobservation"."title", "observati...
                                                             ^
HINT:  Perhaps you meant to reference the column "observations_geoobservation.title".

The above exception was the direct cause of the following exception:

Traceback (most recent call last):
  File "/usr/local/lib/python3.13/site-packages/django/core/handlers/exception.py", line 56, in inner
    response = get_response(request)
  File "/usr/local/lib/python3.13/site-packages/django/core/handlers/base.py", line 199, in _get_response
    response = wrapped_callback(request, *callback_args, **callback_kwargs)
  File "/usr/local/lib/python3.13/site-packages/django/contrib/admin/options.py", line 776, in wrapper
    return self.admin_site.admin_view(view)(*args, **kwargs)
           ~~~~~~~~~~~~~~~~~~~~~~~~~~~~~~~~^^^^^^^^^^^^^^^^^
  File "/usr/local/lib/python3.13/site-packages/django/utils/decorators.py", line 191, in _view_wrapper
    result = _process_exception(request, e)
  File "/usr/local/lib/python3.13/site-packages/django/utils/decorators.py", line 189, in _view_wrapper
    response = view_func(request, *args, **kwargs)
  File "/usr/local/lib/python3.13/site-packages/django/views/decorators/cache.py", line 79, in _view_wrapper
    response = view_func(request, *args, **kwargs)
  File "/usr/local/lib/python3.13/site-packages/django/contrib/admin/sites.py", line 248, in inner
    return view(request, *args, **kwargs)
  File "/usr/local/lib/python3.13/site-packages/django/utils/decorators.py", line 47, in _wrapper
    return bound_method(*args, **kwargs)
  File "/usr/local/lib/python3.13/site-packages/django/utils/decorators.py", line 191, in _view_wrapper
    result = _process_exception(request, e)
  File "/usr/local/lib/python3.13/site-packages/django/utils/decorators.py", line 189, in _view_wrapper
    response = view_func(request, *args, **kwargs)
  File "/usr/local/lib/python3.13/site-packages/django/contrib/admin/options.py", line 2448, in changelist_view
    "selection_note": _("0 of %(cnt)s selected") % {"cnt": len(cl.result_list)},
                                                           ~~~^^^^^^^^^^^^^^^^
  File "/usr/local/lib/python3.13/site-packages/django/db/models/query.py", line 416, in __len__
    self._fetch_all()
    ~~~~~~~~~~~~~~~^^
  File "/usr/local/lib/python3.13/site-packages/django/db/models/query.py", line 2239, in _fetch_all
    self._result_cache = list(self._iterable_class(self))
                         ~~~~^^^^^^^^^^^^^^^^^^^^^^^^^^^^
  File "/usr/local/lib/python3.13/site-packages/django/db/models/query.py", line 98, in __iter__
    results = compiler.execute_sql(
        chunked_fetch=self.chunked_fetch, chunk_size=self.chunk_size
    )
  File "/usr/local/lib/python3.13/site-packages/django/db/models/sql/compiler.py", line 1624, in execute_sql
    cursor.execute(sql, params)
    ~~~~~~~~~~~~~~^^^^^^^^^^^^^
  File "/usr/local/lib/python3.13/site-packages/django/db/backends/utils.py", line 122, in execute
    return super().execute(sql, params)
           ~~~~~~~~~~~~~~~^^^^^^^^^^^^^
  File "/usr/local/lib/python3.13/site-packages/django/db/backends/utils.py", line 79, in execute
    return self._execute_with_wrappers(
           ~~~~~~~~~~~~~~~~~~~~~~~~~~~^
        sql, params, many=False, executor=self._execute
        ^^^^^^^^^^^^^^^^^^^^^^^^^^^^^^^^^^^^^^^^^^^^^^^
    )
    ^
  File "/usr/local/lib/python3.13/site-packages/django/db/backends/utils.py", line 92, in _execute_with_wrappers
    return executor(sql, params, many, context)
  File "/usr/local/lib/python3.13/site-packages/django/db/backends/utils.py", line 100, in _execute
    with self.db.wrap_database_errors:
         ^^^^^^^^^^^^^^^^^^^^^^^^^^^^
  File "/usr/local/lib/python3.13/site-packages/django/db/utils.py", line 94, in __exit__
    raise dj_exc_value.with_traceback(traceback) from exc_value
  File "/usr/local/lib/python3.13/site-packages/django/db/backends/utils.py", line 105, in _execute
    return self.cursor.execute(sql, params)
           ~~~~~~~~~~~~~~~~~~~^^^^^^^^^^^^^
  File "/usr/local/lib/python3.13/site-packages/psycopg/cursor.py", line 117, in execute
    raise ex.with_traceback(None)
django.db.utils.ProgrammingError: column observations_geoobservation.title_ar does not exist
LINE 1: ...ion"."id", "observations_geoobservation"."title", "observati...
                                                             ^
HINT:  Perhaps you meant to reference the column "observations_geoobservation.title".
[INFO] 2026-08-12 22:25:24,439 django.utils.autoreload: /app/observations/models.py changed, reloading.
[INFO] 2026-08-12 22:25:24,814 django.utils.autoreload: Watching for file changes with StatReloader
[INFO] 2026-08-12 22:26:07,257 django.utils.autoreload: /app/observations/models.py changed, reloading.
[INFO] 2026-08-12 22:26:07,592 django.utils.autoreload: Watching for file changes with StatReloader
[ERROR] 2026-08-12 22:26:10,560 django.request: Internal Server Error: /admin/observations/geoobservation/
Traceback (most recent call last):
  File "/usr/local/lib/python3.13/site-packages/django/db/backends/utils.py", line 105, in _execute
    return self.cursor.execute(sql, params)
           ~~~~~~~~~~~~~~~~~~~^^^^^^^^^^^^^
  File "/usr/local/lib/python3.13/site-packages/psycopg/cursor.py", line 117, in execute
    raise ex.with_traceback(None)
psycopg.errors.UndefinedColumn: column observations_geoobservation.title_ar does not exist
LINE 1: ...ion"."id", "observations_geoobservation"."title", "observati...
                                                             ^
HINT:  Perhaps you meant to reference the column "observations_geoobservation.title".

The above exception was the direct cause of the following exception:

Traceback (most recent call last):
  File "/usr/local/lib/python3.13/site-packages/django/core/handlers/exception.py", line 56, in inner
    response = get_response(request)
  File "/usr/local/lib/python3.13/site-packages/django/core/handlers/base.py", line 199, in _get_response
    response = wrapped_callback(request, *callback_args, **callback_kwargs)
  File "/usr/local/lib/python3.13/site-packages/django/contrib/admin/options.py", line 776, in wrapper
    return self.admin_site.admin_view(view)(*args, **kwargs)
           ~~~~~~~~~~~~~~~~~~~~~~~~~~~~~~~~^^^^^^^^^^^^^^^^^
  File "/usr/local/lib/python3.13/site-packages/django/utils/decorators.py", line 191, in _view_wrapper
    result = _process_exception(request, e)
  File "/usr/local/lib/python3.13/site-packages/django/utils/decorators.py", line 189, in _view_wrapper
    response = view_func(request, *args, **kwargs)
  File "/usr/local/lib/python3.13/site-packages/django/views/decorators/cache.py", line 79, in _view_wrapper
    response = view_func(request, *args, **kwargs)
  File "/usr/local/lib/python3.13/site-packages/django/contrib/admin/sites.py", line 248, in inner
    return view(request, *args, **kwargs)
  File "/usr/local/lib/python3.13/site-packages/django/utils/decorators.py", line 47, in _wrapper
    return bound_method(*args, **kwargs)
  File "/usr/local/lib/python3.13/site-packages/django/utils/decorators.py", line 191, in _view_wrapper
    result = _process_exception(request, e)
  File "/usr/local/lib/python3.13/site-packages/django/utils/decorators.py", line 189, in _view_wrapper
    response = view_func(request, *args, **kwargs)
  File "/usr/local/lib/python3.13/site-packages/django/contrib/admin/options.py", line 2448, in changelist_view
    "selection_note": _("0 of %(cnt)s selected") % {"cnt": len(cl.result_list)},
                                                           ~~~^^^^^^^^^^^^^^^^
  File "/usr/local/lib/python3.13/site-packages/django/db/models/query.py", line 416, in __len__
    self._fetch_all()
    ~~~~~~~~~~~~~~~^^
  File "/usr/local/lib/python3.13/site-packages/django/db/models/query.py", line 2239, in _fetch_all
    self._result_cache = list(self._iterable_class(self))
                         ~~~~^^^^^^^^^^^^^^^^^^^^^^^^^^^^
  File "/usr/local/lib/python3.13/site-packages/django/db/models/query.py", line 98, in __iter__
    results = compiler.execute_sql(
        chunked_fetch=self.chunked_fetch, chunk_size=self.chunk_size
    )
  File "/usr/local/lib/python3.13/site-packages/django/db/models/sql/compiler.py", line 1624, in execute_sql
    cursor.execute(sql, params)
    ~~~~~~~~~~~~~~^^^^^^^^^^^^^
  File "/usr/local/lib/python3.13/site-packages/django/db/backends/utils.py", line 122, in execute
    return super().execute(sql, params)
           ~~~~~~~~~~~~~~~^^^^^^^^^^^^^
  File "/usr/local/lib/python3.13/site-packages/django/db/backends/utils.py", line 79, in execute
    return self._execute_with_wrappers(
           ~~~~~~~~~~~~~~~~~~~~~~~~~~~^
        sql, params, many=False, executor=self._execute
        ^^^^^^^^^^^^^^^^^^^^^^^^^^^^^^^^^^^^^^^^^^^^^^^
    )
    ^
  File "/usr/local/lib/python3.13/site-packages/django/db/backends/utils.py", line 92, in _execute_with_wrappers
    return executor(sql, params, many, context)
  File "/usr/local/lib/python3.13/site-packages/django/db/backends/utils.py", line 100, in _execute
    with self.db.wrap_database_errors:
         ^^^^^^^^^^^^^^^^^^^^^^^^^^^^
  File "/usr/local/lib/python3.13/site-packages/django/db/utils.py", line 94, in __exit__
    raise dj_exc_value.with_traceback(traceback) from exc_value
  File "/usr/local/lib/python3.13/site-packages/django/db/backends/utils.py", line 105, in _execute
    return self.cursor.execute(sql, params)
           ~~~~~~~~~~~~~~~~~~~^^^^^^^^^^^^^
  File "/usr/local/lib/python3.13/site-packages/psycopg/cursor.py", line 117, in execute
    raise ex.with_traceback(None)
django.db.utils.ProgrammingError: column observations_geoobservation.title_ar does not exist
LINE 1: ...ion"."id", "observations_geoobservation"."title", "observati...
                                                             ^
HINT:  Perhaps you meant to reference the column "observations_geoobservation.title".
[INFO] 2026-08-12 22:29:31,257 django.utils.autoreload: /app/locations/admin.py changed, reloading.
[INFO] 2026-08-12 22:29:31,588 django.utils.autoreload: Watching for file changes with StatReloader
[ERROR] 2026-08-12 22:29:51,674 django.request: Internal Server Error: /admin/observations/geoobservation/
Traceback (most recent call last):
  File "/usr/local/lib/python3.13/site-packages/django/db/backends/utils.py", line 105, in _execute
    return self.cursor.execute(sql, params)
           ~~~~~~~~~~~~~~~~~~~^^^^^^^^^^^^^
  File "/usr/local/lib/python3.13/site-packages/psycopg/cursor.py", line 117, in execute
    raise ex.with_traceback(None)
psycopg.errors.UndefinedColumn: column observations_geoobservation.title_ar does not exist
LINE 1: ...ion"."id", "observations_geoobservation"."title", "observati...
                                                             ^
HINT:  Perhaps you meant to reference the column "observations_geoobservation.title".

The above exception was the direct cause of the following exception:

Traceback (most recent call last):
  File "/usr/local/lib/python3.13/site-packages/django/core/handlers/exception.py", line 56, in inner
    response = get_response(request)
  File "/usr/local/lib/python3.13/site-packages/django/core/handlers/base.py", line 199, in _get_response
    response = wrapped_callback(request, *callback_args, **callback_kwargs)
  File "/usr/local/lib/python3.13/site-packages/django/contrib/admin/options.py", line 776, in wrapper
    return self.admin_site.admin_view(view)(*args, **kwargs)
           ~~~~~~~~~~~~~~~~~~~~~~~~~~~~~~~~^^^^^^^^^^^^^^^^^
  File "/usr/local/lib/python3.13/site-packages/django/utils/decorators.py", line 191, in _view_wrapper
    result = _process_exception(request, e)
  File "/usr/local/lib/python3.13/site-packages/django/utils/decorators.py", line 189, in _view_wrapper
    response = view_func(request, *args, **kwargs)
  File "/usr/local/lib/python3.13/site-packages/django/views/decorators/cache.py", line 79, in _view_wrapper
    response = view_func(request, *args, **kwargs)
  File "/usr/local/lib/python3.13/site-packages/django/contrib/admin/sites.py", line 248, in inner
    return view(request, *args, **kwargs)
  File "/usr/local/lib/python3.13/site-packages/django/utils/decorators.py", line 47, in _wrapper
    return bound_method(*args, **kwargs)
  File "/usr/local/lib/python3.13/site-packages/django/utils/decorators.py", line 191, in _view_wrapper
    result = _process_exception(request, e)
  File "/usr/local/lib/python3.13/site-packages/django/utils/decorators.py", line 189, in _view_wrapper
    response = view_func(request, *args, **kwargs)
  File "/usr/local/lib/python3.13/site-packages/django/contrib/admin/options.py", line 2448, in changelist_view
    "selection_note": _("0 of %(cnt)s selected") % {"cnt": len(cl.result_list)},
                                                           ~~~^^^^^^^^^^^^^^^^
  File "/usr/local/lib/python3.13/site-packages/django/db/models/query.py", line 416, in __len__
    self._fetch_all()
    ~~~~~~~~~~~~~~~^^
  File "/usr/local/lib/python3.13/site-packages/django/db/models/query.py", line 2239, in _fetch_all
    self._result_cache = list(self._iterable_class(self))
                         ~~~~^^^^^^^^^^^^^^^^^^^^^^^^^^^^
  File "/usr/local/lib/python3.13/site-packages/django/db/models/query.py", line 98, in __iter__
    results = compiler.execute_sql(
        chunked_fetch=self.chunked_fetch, chunk_size=self.chunk_size
    )
  File "/usr/local/lib/python3.13/site-packages/django/db/models/sql/compiler.py", line 1624, in execute_sql
    cursor.execute(sql, params)
    ~~~~~~~~~~~~~~^^^^^^^^^^^^^
  File "/usr/local/lib/python3.13/site-packages/django/db/backends/utils.py", line 122, in execute
    return super().execute(sql, params)
           ~~~~~~~~~~~~~~~^^^^^^^^^^^^^
  File "/usr/local/lib/python3.13/site-packages/django/db/backends/utils.py", line 79, in execute
    return self._execute_with_wrappers(
           ~~~~~~~~~~~~~~~~~~~~~~~~~~~^
        sql, params, many=False, executor=self._execute
        ^^^^^^^^^^^^^^^^^^^^^^^^^^^^^^^^^^^^^^^^^^^^^^^
    )
    ^
  File "/usr/local/lib/python3.13/site-packages/django/db/backends/utils.py", line 92, in _execute_with_wrappers
    return executor(sql, params, many, context)
  File "/usr/local/lib/python3.13/site-packages/django/db/backends/utils.py", line 100, in _execute
    with self.db.wrap_database_errors:
         ^^^^^^^^^^^^^^^^^^^^^^^^^^^^
  File "/usr/local/lib/python3.13/site-packages/django/db/utils.py", line 94, in __exit__
    raise dj_exc_value.with_traceback(traceback) from exc_value
  File "/usr/local/lib/python3.13/site-packages/django/db/backends/utils.py", line 105, in _execute
    return self.cursor.execute(sql, params)
           ~~~~~~~~~~~~~~~~~~~^^^^^^^^^^^^^
  File "/usr/local/lib/python3.13/site-packages/psycopg/cursor.py", line 117, in execute
    raise ex.with_traceback(None)
django.db.utils.ProgrammingError: column observations_geoobservation.title_ar does not exist
LINE 1: ...ion"."id", "observations_geoobservation"."title", "observati...
                                                             ^
HINT:  Perhaps you meant to reference the column "observations_geoobservation.title".
[ERROR] 2026-08-12 22:29:57,809 django.request: Internal Server Error: /admin/observations/geoobservation/
Traceback (most recent call last):
  File "/usr/local/lib/python3.13/site-packages/django/db/backends/utils.py", line 105, in _execute
    return self.cursor.execute(sql, params)
           ~~~~~~~~~~~~~~~~~~~^^^^^^^^^^^^^
  File "/usr/local/lib/python3.13/site-packages/psycopg/cursor.py", line 117, in execute
    raise ex.with_traceback(None)
psycopg.errors.UndefinedColumn: column observations_geoobservation.title_ar does not exist
LINE 1: ...ion"."id", "observations_geoobservation"."title", "observati...
                                                             ^
HINT:  Perhaps you meant to reference the column "observations_geoobservation.title".

The above exception was the direct cause of the following exception:

Traceback (most recent call last):
  File "/usr/local/lib/python3.13/site-packages/django/core/handlers/exception.py", line 56, in inner
    response = get_response(request)
  File "/usr/local/lib/python3.13/site-packages/django/core/handlers/base.py", line 199, in _get_response
    response = wrapped_callback(request, *callback_args, **callback_kwargs)
  File "/usr/local/lib/python3.13/site-packages/django/contrib/admin/options.py", line 776, in wrapper
    return self.admin_site.admin_view(view)(*args, **kwargs)
           ~~~~~~~~~~~~~~~~~~~~~~~~~~~~~~~~^^^^^^^^^^^^^^^^^
  File "/usr/local/lib/python3.13/site-packages/django/utils/decorators.py", line 191, in _view_wrapper
    result = _process_exception(request, e)
  File "/usr/local/lib/python3.13/site-packages/django/utils/decorators.py", line 189, in _view_wrapper
    response = view_func(request, *args, **kwargs)
  File "/usr/local/lib/python3.13/site-packages/django/views/decorators/cache.py", line 79, in _view_wrapper
    response = view_func(request, *args, **kwargs)
  File "/usr/local/lib/python3.13/site-packages/django/contrib/admin/sites.py", line 248, in inner
    return view(request, *args, **kwargs)
  File "/usr/local/lib/python3.13/site-packages/django/utils/decorators.py", line 47, in _wrapper
    return bound_method(*args, **kwargs)
  File "/usr/local/lib/python3.13/site-packages/django/utils/decorators.py", line 191, in _view_wrapper
    result = _process_exception(request, e)
  File "/usr/local/lib/python3.13/site-packages/django/utils/decorators.py", line 189, in _view_wrapper
    response = view_func(request, *args, **kwargs)
  File "/usr/local/lib/python3.13/site-packages/django/contrib/admin/options.py", line 2448, in changelist_view
    "selection_note": _("0 of %(cnt)s selected") % {"cnt": len(cl.result_list)},
                                                           ~~~^^^^^^^^^^^^^^^^
  File "/usr/local/lib/python3.13/site-packages/django/db/models/query.py", line 416, in __len__
    self._fetch_all()
    ~~~~~~~~~~~~~~~^^
  File "/usr/local/lib/python3.13/site-packages/django/db/models/query.py", line 2239, in _fetch_all
    self._result_cache = list(self._iterable_class(self))
                         ~~~~^^^^^^^^^^^^^^^^^^^^^^^^^^^^
  File "/usr/local/lib/python3.13/site-packages/django/db/models/query.py", line 98, in __iter__
    results = compiler.execute_sql(
        chunked_fetch=self.chunked_fetch, chunk_size=self.chunk_size
    )
  File "/usr/local/lib/python3.13/site-packages/django/db/models/sql/compiler.py", line 1624, in execute_sql
    cursor.execute(sql, params)
    ~~~~~~~~~~~~~~^^^^^^^^^^^^^
  File "/usr/local/lib/python3.13/site-packages/django/db/backends/utils.py", line 122, in execute
    return super().execute(sql, params)
           ~~~~~~~~~~~~~~~^^^^^^^^^^^^^
  File "/usr/local/lib/python3.13/site-packages/django/db/backends/utils.py", line 79, in execute
    return self._execute_with_wrappers(
           ~~~~~~~~~~~~~~~~~~~~~~~~~~~^
        sql, params, many=False, executor=self._execute
        ^^^^^^^^^^^^^^^^^^^^^^^^^^^^^^^^^^^^^^^^^^^^^^^
    )
    ^
  File "/usr/local/lib/python3.13/site-packages/django/db/backends/utils.py", line 92, in _execute_with_wrappers
    return executor(sql, params, many, context)
  File "/usr/local/lib/python3.13/site-packages/django/db/backends/utils.py", line 100, in _execute
    with self.db.wrap_database_errors:
         ^^^^^^^^^^^^^^^^^^^^^^^^^^^^
  File "/usr/local/lib/python3.13/site-packages/django/db/utils.py", line 94, in __exit__
    raise dj_exc_value.with_traceback(traceback) from exc_value
  File "/usr/local/lib/python3.13/site-packages/django/db/backends/utils.py", line 105, in _execute
    return self.cursor.execute(sql, params)
           ~~~~~~~~~~~~~~~~~~~^^^^^^^^^^^^^
  File "/usr/local/lib/python3.13/site-packages/psycopg/cursor.py", line 117, in execute
    raise ex.with_traceback(None)
django.db.utils.ProgrammingError: column observations_geoobservation.title_ar does not exist
LINE 1: ...ion"."id", "observations_geoobservation"."title", "observati...
                                                             ^
HINT:  Perhaps you meant to reference the column "observations_geoobservation.title".
[INFO] 2026-08-12 22:34:28,571 django.utils.autoreload: Watching for file changes with StatReloader
[WARNING] 2026-08-12 22:34:48,675 django.request: Not Found: /favicon.ico
[INFO] 2026-08-12 22:35:28,725 django.utils.autoreload: Watching for file changes with StatReloader
[INFO] 2026-08-12 22:39:38,703 django.utils.autoreload: /app/users/urls.py changed, reloading.
[INFO] 2026-08-12 22:39:39,027 django.utils.autoreload: Watching for file changes with StatReloader
[INFO] 2026-08-12 22:39:59,292 django.utils.autoreload: /app/config/urls.py changed, reloading.
[INFO] 2026-08-12 22:39:59,631 django.utils.autoreload: Watching for file changes with StatReloader
[INFO] 2026-08-12 22:41:44,543 django.utils.autoreload: /app/config/urls.py changed, reloading.
[INFO] 2026-08-12 22:41:44,940 django.utils.autoreload: Watching for file changes with StatReloader
[INFO] 2026-08-12 22:41:55,160 django.utils.autoreload: /app/config/urls.py changed, reloading.
[INFO] 2026-08-12 22:41:55,515 django.utils.autoreload: Watching for file changes with StatReloader
[INFO] 2026-08-12 22:42:01,645 django.utils.autoreload: /app/config/urls.py changed, reloading.
[INFO] 2026-08-12 22:42:02,009 django.utils.autoreload: Watching for file changes with StatReloader
[INFO] 2026-08-12 22:42:14,900 django.utils.autoreload: Watching for file changes with StatReloader
[WARNING] 2026-08-12 22:42:25,034 django.request: Not Found: /favicon.ico
[WARNING] 2026-08-12 22:43:07,564 django.request: Not Found: /i18n
[WARNING] 2026-08-12 22:43:21,632 django.request: Not Found: /i18n/
[WARNING] 2026-08-12 22:43:58,563 django.request: Not Found: /i18n/setlang/name='ar'
[WARNING] 2026-08-12 22:44:08,351 django.request: Not Found: /
[WARNING] 2026-08-12 22:47:38,833 django.request: Unauthorized: /api/v1/organizations/
[INFO] 2026-08-12 22:52:56,891 django.utils.autoreload: /app/interventions/models.py changed, reloading.
[INFO] 2026-08-12 22:52:57,266 django.utils.autoreload: Watching for file changes with StatReloader
[INFO] 2026-08-12 22:53:15,518 django.utils.autoreload: /app/interventions/admin.py changed, reloading.
[INFO] 2026-08-12 22:53:15,842 django.utils.autoreload: Watching for file changes with StatReloader
[INFO] 2026-08-12 22:53:19,008 django.utils.autoreload: /app/interventions/admin.py changed, reloading.
[INFO] 2026-08-12 22:53:19,330 django.utils.autoreload: Watching for file changes with StatReloader
[INFO] 2026-08-12 22:53:34,571 django.utils.autoreload: /app/interventions/admin.py changed, reloading.
[INFO] 2026-08-12 22:53:34,896 django.utils.autoreload: Watching for file changes with StatReloader
[ERROR] 2026-08-13 00:26:34,162 celery.utils.dispatch.signal: Signal handler <bound method DjangoFixup.on_import_modules of <celery.fixups.django.DjangoFixup object at 0x7f4a9f02c050>> raised: ModuleNotFoundError("No module named 'rest_framework_gis'")
Traceback (most recent call last):
  File "/usr/local/lib/python3.13/site-packages/django/core/checks/urls.py", line 136, in check_custom_error_handlers
    handler = resolver.resolve_error_handler(status_code)
  File "/usr/local/lib/python3.13/site-packages/django/urls/resolvers.py", line 743, in resolve_error_handler
    callback = getattr(self.urlconf_module, "handler%s" % view_type, None)
                       ^^^^^^^^^^^^^^^^^^^
  File "/usr/local/lib/python3.13/site-packages/django/utils/functional.py", line 47, in __get__
    res = instance.__dict__[self.name] = self.func(instance)
                                         ~~~~~~~~~^^^^^^^^^^
  File "/usr/local/lib/python3.13/site-packages/django/urls/resolvers.py", line 722, in urlconf_module
    return import_module(self.urlconf_name)
  File "/usr/local/lib/python3.13/importlib/__init__.py", line 88, in import_module
    return _bootstrap._gcd_import(name[level:], package, level)
           ~~~~~~~~~~~~~~~~~~~~~~^^^^^^^^^^^^^^^^^^^^^^^^^^^^^^
  File "<frozen importlib._bootstrap>", line 1395, in _gcd_import
  File "<frozen importlib._bootstrap>", line 1360, in _find_and_load
  File "<frozen importlib._bootstrap>", line 1331, in _find_and_load_unlocked
  File "<frozen importlib._bootstrap>", line 935, in _load_unlocked
  File "<frozen importlib._bootstrap_external>", line 1023, in exec_module
  File "<frozen importlib._bootstrap>", line 488, in _call_with_frames_removed
  File "/app/config/urls.py", line 29, in <module>
    path('api/v1/interventions/', include('interventions.urls')),
                                  ~~~~~~~^^^^^^^^^^^^^^^^^^^^^^
  File "/usr/local/lib/python3.13/site-packages/django/urls/conf.py", line 39, in include
    urlconf_module = import_module(urlconf_module)
  File "/usr/local/lib/python3.13/importlib/__init__.py", line 88, in import_module
    return _bootstrap._gcd_import(name[level:], package, level)
           ~~~~~~~~~~~~~~~~~~~~~~^^^^^^^^^^^^^^^^^^^^^^^^^^^^^^
  File "<frozen importlib._bootstrap>", line 1395, in _gcd_import
  File "<frozen importlib._bootstrap>", line 1360, in _find_and_load
  File "<frozen importlib._bootstrap>", line 1331, in _find_and_load_unlocked
  File "<frozen importlib._bootstrap>", line 935, in _load_unlocked
  File "<frozen importlib._bootstrap_external>", line 1023, in exec_module
  File "<frozen importlib._bootstrap>", line 488, in _call_with_frames_removed
  File "/app/interventions/urls.py", line 2, in <module>
    from .views import InterventionViewSet
  File "/app/interventions/views.py", line 3, in <module>
    from rest_framework_gis.filters import InBBoxFilter
ModuleNotFoundError: No module named 'rest_framework_gis'

During handling of the above exception, another exception occurred:

Traceback (most recent call last):
  File "/usr/local/lib/python3.13/site-packages/celery/utils/dispatch/signal.py", line 280, in send
    response = receiver(signal=self, sender=sender, **named)
  File "/usr/local/lib/python3.13/site-packages/celery/fixups/django.py", line 103, in on_import_modules
    self.worker_fixup.validate_models()
    ~~~~~~~~~~~~~~~~~~~~~~~~~~~~~~~~~^^
  File "/usr/local/lib/python3.13/site-packages/celery/fixups/django.py", line 154, in validate_models
    run_checks()
    ~~~~~~~~~~^^
  File "/usr/local/lib/python3.13/site-packages/django/core/checks/registry.py", line 99, in run_checks
    new_errors = check(app_configs=app_configs, databases=databases)
  File "/usr/local/lib/python3.13/site-packages/django/core/checks/urls.py", line 138, in check_custom_error_handlers
    path = getattr(resolver.urlconf_module, "handler%s" % status_code)
                   ^^^^^^^^^^^^^^^^^^^^^^^
  File "/usr/local/lib/python3.13/site-packages/django/utils/functional.py", line 47, in __get__
    res = instance.__dict__[self.name] = self.func(instance)
                                         ~~~~~~~~~^^^^^^^^^^
  File "/usr/local/lib/python3.13/site-packages/django/urls/resolvers.py", line 722, in urlconf_module
    return import_module(self.urlconf_name)
  File "/usr/local/lib/python3.13/importlib/__init__.py", line 88, in import_module
    return _bootstrap._gcd_import(name[level:], package, level)
           ~~~~~~~~~~~~~~~~~~~~~~^^^^^^^^^^^^^^^^^^^^^^^^^^^^^^
  File "<frozen importlib._bootstrap>", line 1395, in _gcd_import
  File "<frozen importlib._bootstrap>", line 1360, in _find_and_load
  File "<frozen importlib._bootstrap>", line 1331, in _find_and_load_unlocked
  File "<frozen importlib._bootstrap>", line 935, in _load_unlocked
  File "<frozen importlib._bootstrap_external>", line 1023, in exec_module
  File "<frozen importlib._bootstrap>", line 488, in _call_with_frames_removed
  File "/app/config/urls.py", line 29, in <module>
    path('api/v1/interventions/', include('interventions.urls')),
                                  ~~~~~~~^^^^^^^^^^^^^^^^^^^^^^
  File "/usr/local/lib/python3.13/site-packages/django/urls/conf.py", line 39, in include
    urlconf_module = import_module(urlconf_module)
  File "/usr/local/lib/python3.13/importlib/__init__.py", line 88, in import_module
    return _bootstrap._gcd_import(name[level:], package, level)
           ~~~~~~~~~~~~~~~~~~~~~~^^^^^^^^^^^^^^^^^^^^^^^^^^^^^^
  File "<frozen importlib._bootstrap>", line 1395, in _gcd_import
  File "<frozen importlib._bootstrap>", line 1360, in _find_and_load
  File "<frozen importlib._bootstrap>", line 1331, in _find_and_load_unlocked
  File "<frozen importlib._bootstrap>", line 935, in _load_unlocked
  File "<frozen importlib._bootstrap_external>", line 1023, in exec_module
  File "<frozen importlib._bootstrap>", line 488, in _call_with_frames_removed
  File "/app/interventions/urls.py", line 2, in <module>
    from .views import InterventionViewSet
  File "/app/interventions/views.py", line 3, in <module>
    from rest_framework_gis.filters import InBBoxFilter
ModuleNotFoundError: No module named 'rest_framework_gis'
[INFO] 2026-08-13 00:26:35,004 django.utils.autoreload: Watching for file changes with StatReloader
[ERROR] 2026-08-13 00:38:36,222 celery.utils.dispatch.signal: Signal handler <bound method DjangoFixup.on_import_modules of <celery.fixups.django.DjangoFixup object at 0x7f53687f3e00>> raised: ImportError("cannot import name 'cc_delim_re' from 'django.utils.cache' (/usr/local/lib/python3.13/site-packages/django/utils/cache.py)")
Traceback (most recent call last):
  File "/usr/local/lib/python3.13/site-packages/celery/utils/dispatch/signal.py", line 280, in send
    response = receiver(signal=self, sender=sender, **named)
  File "/usr/local/lib/python3.13/site-packages/celery/fixups/django.py", line 103, in on_import_modules
    self.worker_fixup.validate_models()
    ~~~~~~~~~~~~~~~~~~~~~~~~~~~~~~~~~^^
  File "/usr/local/lib/python3.13/site-packages/celery/fixups/django.py", line 154, in validate_models
    run_checks()
    ~~~~~~~~~~^^
  File "/usr/local/lib/python3.13/site-packages/django/core/checks/registry.py", line 99, in run_checks
    new_errors = check(app_configs=app_configs, databases=databases)
  File "/usr/local/lib/python3.13/site-packages/django/core/checks/urls.py", line 16, in check_url_config
    return check_resolver(resolver)
  File "/usr/local/lib/python3.13/site-packages/django/core/checks/urls.py", line 26, in check_resolver
    return check_method()
  File "/usr/local/lib/python3.13/site-packages/django/urls/resolvers.py", line 541, in check
    for pattern in self.url_patterns:
                   ^^^^^^^^^^^^^^^^^
  File "/usr/local/lib/python3.13/site-packages/django/utils/functional.py", line 47, in __get__
    res = instance.__dict__[self.name] = self.func(instance)
                                         ~~~~~~~~~^^^^^^^^^^
  File "/usr/local/lib/python3.13/site-packages/django/urls/resolvers.py", line 729, in url_patterns
    patterns = getattr(self.urlconf_module, "urlpatterns", self.urlconf_module)
                       ^^^^^^^^^^^^^^^^^^^
  File "/usr/local/lib/python3.13/site-packages/django/utils/functional.py", line 47, in __get__
    res = instance.__dict__[self.name] = self.func(instance)
                                         ~~~~~~~~~^^^^^^^^^^
  File "/usr/local/lib/python3.13/site-packages/django/urls/resolvers.py", line 722, in urlconf_module
    return import_module(self.urlconf_name)
  File "/usr/local/lib/python3.13/importlib/__init__.py", line 88, in import_module
    return _bootstrap._gcd_import(name[level:], package, level)
           ~~~~~~~~~~~~~~~~~~~~~~^^^^^^^^^^^^^^^^^^^^^^^^^^^^^^
  File "<frozen importlib._bootstrap>", line 1395, in _gcd_import
  File "<frozen importlib._bootstrap>", line 1360, in _find_and_load
  File "<frozen importlib._bootstrap>", line 1331, in _find_and_load_unlocked
  File "<frozen importlib._bootstrap>", line 935, in _load_unlocked
  File "<frozen importlib._bootstrap_external>", line 1023, in exec_module
  File "<frozen importlib._bootstrap>", line 488, in _call_with_frames_removed
  File "/app/config/urls.py", line 23, in <module>
    path('api/v1/observations/', include('observations.urls')),
                                 ~~~~~~~^^^^^^^^^^^^^^^^^^^^^
  File "/usr/local/lib/python3.13/site-packages/django/urls/conf.py", line 39, in include
    urlconf_module = import_module(urlconf_module)
  File "/usr/local/lib/python3.13/importlib/__init__.py", line 88, in import_module
    return _bootstrap._gcd_import(name[level:], package, level)
           ~~~~~~~~~~~~~~~~~~~~~~^^^^^^^^^^^^^^^^^^^^^^^^^^^^^^
  File "<frozen importlib._bootstrap>", line 1395, in _gcd_import
  File "<frozen importlib._bootstrap>", line 1360, in _find_and_load
  File "<frozen importlib._bootstrap>", line 1331, in _find_and_load_unlocked
  File "<frozen importlib._bootstrap>", line 935, in _load_unlocked
  File "<frozen importlib._bootstrap_external>", line 1023, in exec_module
  File "<frozen importlib._bootstrap>", line 488, in _call_with_frames_removed
  File "/app/observations/urls.py", line 2, in <module>
    from rest_framework.routers import DefaultRouter
  File "/usr/local/lib/python3.13/site-packages/rest_framework/routers.py", line 22, in <module>
    from rest_framework import views
  File "/usr/local/lib/python3.13/site-packages/rest_framework/views.py", line 9, in <module>
    from django.utils.cache import cc_delim_re, patch_vary_headers
ImportError: cannot import name 'cc_delim_re' from 'django.utils.cache' (/usr/local/lib/python3.13/site-packages/django/utils/cache.py)
[INFO] 2026-08-13 00:38:36,925 django.utils.autoreload: Watching for file changes with StatReloader
[INFO] 2026-08-13 00:43:01,809 django.utils.autoreload: Watching for file changes with StatReloader
[ERROR] 2026-08-13 00:43:19,000 django.request: Internal Server Error: /admin/interventions/intervention/
Traceback (most recent call last):
  File "/usr/local/lib/python3.13/site-packages/django/db/backends/utils.py", line 105, in _execute
    return self.cursor.execute(sql, params)
           ~~~~~~~~~~~~~~~~~~~^^^^^^^^^^^^^
  File "/usr/local/lib/python3.13/site-packages/psycopg/cursor.py", line 117, in execute
    raise ex.with_traceback(None)
psycopg.errors.UndefinedTable: relation "interventions_intervention" does not exist
LINE 1: SELECT COUNT(*) AS "__count" FROM "interventions_interventio...
                                          ^

The above exception was the direct cause of the following exception:

Traceback (most recent call last):
  File "/usr/local/lib/python3.13/site-packages/django/core/handlers/exception.py", line 55, in inner
    response = get_response(request)
  File "/usr/local/lib/python3.13/site-packages/django/core/handlers/base.py", line 197, in _get_response
    response = wrapped_callback(request, *callback_args, **callback_kwargs)
  File "/usr/local/lib/python3.13/site-packages/django/contrib/admin/options.py", line 718, in wrapper
    return self.admin_site.admin_view(view)(*args, **kwargs)
           ~~~~~~~~~~~~~~~~~~~~~~~~~~~~~~~~^^^^^^^^^^^^^^^^^
  File "/usr/local/lib/python3.13/site-packages/django/utils/decorators.py", line 188, in _view_wrapper
    result = _process_exception(request, e)
  File "/usr/local/lib/python3.13/site-packages/django/utils/decorators.py", line 186, in _view_wrapper
    response = view_func(request, *args, **kwargs)
  File "/usr/local/lib/python3.13/site-packages/django/views/decorators/cache.py", line 80, in _view_wrapper
    response = view_func(request, *args, **kwargs)
  File "/usr/local/lib/python3.13/site-packages/django/contrib/admin/sites.py", line 241, in inner
    return view(request, *args, **kwargs)
  File "/usr/local/lib/python3.13/site-packages/django/utils/decorators.py", line 48, in _wrapper
    return bound_method(*args, **kwargs)
  File "/usr/local/lib/python3.13/site-packages/django/utils/decorators.py", line 188, in _view_wrapper
    result = _process_exception(request, e)
  File "/usr/local/lib/python3.13/site-packages/django/utils/decorators.py", line 186, in _view_wrapper
    response = view_func(request, *args, **kwargs)
  File "/usr/local/lib/python3.13/site-packages/django/contrib/admin/options.py", line 2001, in changelist_view
    cl = self.get_changelist_instance(request)
  File "/usr/local/lib/python3.13/site-packages/django/contrib/admin/options.py", line 866, in get_changelist_instance
    return ChangeList(
        request,
    ...<12 lines>...
        self.search_help_text,
    )
  File "/usr/local/lib/python3.13/site-packages/django/contrib/admin/views/main.py", line 146, in __init__
    self.get_results(request)
    ~~~~~~~~~~~~~~~~^^^^^^^^^
  File "/usr/local/lib/python3.13/site-packages/django/contrib/admin/views/main.py", line 313, in get_results
    result_count = paginator.count
                   ^^^^^^^^^^^^^^^
  File "/usr/local/lib/python3.13/site-packages/django/utils/functional.py", line 47, in __get__
    res = instance.__dict__[self.name] = self.func(instance)
                                         ~~~~~~~~~^^^^^^^^^^
  File "/usr/local/lib/python3.13/site-packages/django/core/paginator.py", line 110, in count
    return c()
  File "/usr/local/lib/python3.13/site-packages/django/db/models/query.py", line 620, in count
    return self.query.get_count(using=self.db)
           ~~~~~~~~~~~~~~~~~~~~^^^^^^^^^^^^^^^
  File "/usr/local/lib/python3.13/site-packages/django/db/models/sql/query.py", line 630, in get_count
    return obj.get_aggregation(using, {"__count": Count("*")})["__count"]
           ~~~~~~~~~~~~~~~~~~~^^^^^^^^^^^^^^^^^^^^^^^^^^^^^^^^
  File "/usr/local/lib/python3.13/site-packages/django/db/models/sql/query.py", line 616, in get_aggregation
    result = compiler.execute_sql(SINGLE)
  File "/usr/local/lib/python3.13/site-packages/django/db/models/sql/compiler.py", line 1574, in execute_sql
    cursor.execute(sql, params)
    ~~~~~~~~~~~~~~^^^^^^^^^^^^^
  File "/usr/local/lib/python3.13/site-packages/django/db/backends/utils.py", line 122, in execute
    return super().execute(sql, params)
           ~~~~~~~~~~~~~~~^^^^^^^^^^^^^
  File "/usr/local/lib/python3.13/site-packages/django/db/backends/utils.py", line 79, in execute
    return self._execute_with_wrappers(
           ~~~~~~~~~~~~~~~~~~~~~~~~~~~^
        sql, params, many=False, executor=self._execute
        ^^^^^^^^^^^^^^^^^^^^^^^^^^^^^^^^^^^^^^^^^^^^^^^
    )
    ^
  File "/usr/local/lib/python3.13/site-packages/django/db/backends/utils.py", line 92, in _execute_with_wrappers
    return executor(sql, params, many, context)
  File "/usr/local/lib/python3.13/site-packages/django/db/backends/utils.py", line 100, in _execute
    with self.db.wrap_database_errors:
         ^^^^^^^^^^^^^^^^^^^^^^^^^^^^
  File "/usr/local/lib/python3.13/site-packages/django/db/utils.py", line 91, in __exit__
    raise dj_exc_value.with_traceback(traceback) from exc_value
  File "/usr/local/lib/python3.13/site-packages/django/db/backends/utils.py", line 105, in _execute
    return self.cursor.execute(sql, params)
           ~~~~~~~~~~~~~~~~~~~^^^^^^^^^^^^^
  File "/usr/local/lib/python3.13/site-packages/psycopg/cursor.py", line 117, in execute
    raise ex.with_traceback(None)
django.db.utils.ProgrammingError: relation "interventions_intervention" does not exist
LINE 1: SELECT COUNT(*) AS "__count" FROM "interventions_interventio...
                                          ^
[INFO] 2026-08-13 00:49:30,869 django.utils.autoreload: /app/config/settings.py changed, reloading.
[INFO] 2026-08-13 00:49:31,194 django.utils.autoreload: Watching for file changes with StatReloader
[INFO] 2026-08-14 14:45:43,526 django.utils.autoreload: Watching for file changes with StatReloader
[INFO] 2026-08-14 14:46:05,824 django.utils.autoreload: /app/observations/admin.py changed, reloading.
[INFO] 2026-08-14 14:46:06,189 django.utils.autoreload: Watching for file changes with StatReloader
[INFO] 2026-08-14 14:47:19,875 django.utils.autoreload: /app/observations/models.py changed, reloading.
[INFO] 2026-08-14 14:47:20,197 django.utils.autoreload: Watching for file changes with StatReloader
[INFO] 2026-08-14 14:57:00,576 django.utils.autoreload: /app/observations/models.py changed, reloading.
[INFO] 2026-08-14 14:57:00,926 django.utils.autoreload: Watching for file changes with StatReloader
[INFO] 2026-08-14 14:57:38,164 django.utils.autoreload: /app/observations/models.py changed, reloading.
[INFO] 2026-08-14 14:57:38,456 django.utils.autoreload: Watching for file changes with StatReloader
[INFO] 2026-08-14 15:23:24,342 django.utils.autoreload: /app/config/settings.py changed, reloading.
[INFO] 2026-08-14 15:23:24,669 django.utils.autoreload: Watching for file changes with StatReloader
[INFO] 2026-08-14 15:23:47,867 django.utils.autoreload: /app/config/settings.py changed, reloading.
[INFO] 2026-08-14 15:23:48,155 django.utils.autoreload: Watching for file changes with StatReloader
[INFO] 2026-08-14 15:40:00,379 django.utils.autoreload: /app/observations/models.py changed, reloading.
[INFO] 2026-08-14 15:40:00,722 django.utils.autoreload: Watching for file changes with StatReloader
[INFO] 2026-08-14 15:41:15,076 django.utils.autoreload: /app/observations/models.py changed, reloading.
[INFO] 2026-08-14 15:41:15,408 django.utils.autoreload: Watching for file changes with StatReloader
[WARNING] 2026-08-14 15:43:10,864 django.request: Not Found: /api/v1/observations/1/
[WARNING] 2026-08-14 15:43:19,105 django.request: Not Found: /favicon.ico
[INFO] 2026-08-14 15:45:24,638 django.utils.autoreload: /app/observations/admin.py changed, reloading.
[INFO] 2026-08-14 15:45:24,990 django.utils.autoreload: Watching for file changes with StatReloader
[INFO] 2026-08-14 15:51:36,932 django.utils.autoreload: /app/observations/models.py changed, reloading.
[INFO] 2026-08-14 15:51:37,269 django.utils.autoreload: Watching for file changes with StatReloader
[INFO] 2026-08-14 15:53:49,799 django.utils.autoreload: /app/observations/models.py changed, reloading.
[INFO] 2026-08-14 15:53:50,101 django.utils.autoreload: Watching for file changes with StatReloader
[INFO] 2026-08-14 15:53:54,246 django.utils.autoreload: /app/observations/models.py changed, reloading.
[INFO] 2026-08-14 15:53:54,595 django.utils.autoreload: Watching for file changes with StatReloader
[INFO] 2026-08-14 15:55:12,329 django.utils.autoreload: /app/observations/admin.py changed, reloading.
[INFO] 2026-08-14 15:55:12,685 django.utils.autoreload: Watching for file changes with StatReloader
[INFO] 2026-08-14 15:56:57,558 django.utils.autoreload: /app/observations/admin.py changed, reloading.
[INFO] 2026-08-14 15:56:57,876 django.utils.autoreload: Watching for file changes with StatReloader
[INFO] 2026-08-14 15:56:59,391 monitoring: Starting subdomain database seed process...
[INFO] 2026-08-14 15:56:59,419 monitoring: Successfully seeded 5 subdomains (5 new created).
[INFO] 2026-08-14 15:59:37,264 django.utils.autoreload: /app/observations/urls.py changed, reloading.
[INFO] 2026-08-14 15:59:37,615 django.utils.autoreload: Watching for file changes with StatReloader
[INFO] 2026-08-14 15:59:56,930 django.utils.autoreload: /app/observations/urls.py changed, reloading.
[INFO] 2026-08-14 15:59:57,256 django.utils.autoreload: Watching for file changes with StatReloader
[WARNING] 2026-08-14 16:02:19,331 django.request: Not Found: /api/v1/observations/map/
[WARNING] 2026-08-14 16:02:23,056 django.request: Not Found: /api/v1/observations/map/
[WARNING] 2026-08-14 16:02:37,231 django.request: Not Found: /api/v1/observations/subdomains/
[INFO] 2026-08-14 16:02:45,705 django.utils.autoreload: /app/observations/urls.py changed, reloading.
[INFO] 2026-08-14 16:02:46,106 django.utils.autoreload: Watching for file changes with StatReloader
[WARNING] 2026-08-14 16:02:47,194 django.request: Not Found: /api/v1/observations/subdomains/
[INFO] 2026-08-14 16:03:28,563 django.utils.autoreload: /app/observations/urls.py changed, reloading.
[INFO] 2026-08-14 16:03:28,926 django.utils.autoreload: Watching for file changes with StatReloader
[WARNING] 2026-08-14 16:04:06,408 django.request: Not Found: /api/v1/observations/mpas/
[WARNING] 2026-08-14 16:04:09,005 django.request: Not Found: /api/v1/observations/maps/
[WARNING] 2026-08-14 16:04:12,399 django.request: Not Found: /api/v1/observations/map/
[WARNING] 2026-08-14 16:04:17,610 django.request: Not Found: /api/v1/observations/map/
[WARNING] 2026-08-14 16:04:29,881 django.request: Not Found: /api/v1/observations/map/
[INFO] 2026-08-14 16:05:18,933 django.utils.autoreload: /app/observations/views.py changed, reloading.
[INFO] 2026-08-14 16:05:19,266 django.utils.autoreload: Watching for file changes with StatReloader
[WARNING] 2026-08-14 16:05:22,922 django.request: Not Found: /api/v1/observations/map/
[WARNING] 2026-08-14 16:05:23,585 django.request: Not Found: /api/v1/observations/map/
[WARNING] 2026-08-14 16:05:24,119 django.request: Not Found: /api/v1/observations/map/
[WARNING] 2026-08-14 16:05:29,134 django.request: Not Found: /api/v1/observations/map/
[WARNING] 2026-08-14 16:05:29,854 django.request: Not Found: /api/v1/observations/map/
[INFO] 2026-08-14 16:06:05,791 django.utils.autoreload: /app/observations/views.py changed, reloading.
[INFO] 2026-08-14 16:06:06,101 django.utils.autoreload: Watching for file changes with StatReloader
[INFO] 2026-08-14 16:07:19,766 django.utils.autoreload: /app/observations/views.py changed, reloading.
[INFO] 2026-08-14 16:07:20,088 django.utils.autoreload: Watching for file changes with StatReloader
[WARNING] 2026-08-14 16:07:22,780 django.request: Not Found: /api/v1/observations/map/
[INFO] 2026-08-14 16:08:51,928 django.utils.autoreload: /app/observations/views.py changed, reloading.
[INFO] 2026-08-14 16:08:52,279 django.utils.autoreload: Watching for file changes with StatReloader
[WARNING] 2026-08-14 16:09:07,358 django.request: Not Found: /api/v1/observations/map/
[WARNING] 2026-08-14 16:09:18,681 django.request: Not Found: /api/v1/observations/map/
[WARNING] 2026-08-14 16:09:20,101 django.request: Not Found: /api/v1/observations/map/
[INFO] 2026-08-14 16:09:36,782 django.utils.autoreload: /app/observations/views.py changed, reloading.
[INFO] 2026-08-14 16:09:37,132 django.utils.autoreload: Watching for file changes with StatReloader
[WARNING] 2026-08-14 16:09:38,231 django.request: Not Found: /api/v1/observations/map/
[INFO] 2026-08-14 16:14:34,471 django.utils.autoreload: /app/observations/urls.py changed, reloading.
[INFO] 2026-08-14 16:14:34,821 django.utils.autoreload: Watching for file changes with StatReloader
[WARNING] 2026-08-14 16:15:42,151 django.request: Not Found: /api/v1/observations/1/
[WARNING] 2026-08-14 16:15:44,647 django.request: Not Found: /api/v1/observations/0/
[WARNING] 2026-08-14 16:15:47,377 django.request: Not Found: /api/v1/observations/2/
[INFO] 2026-08-14 16:17:02,206 django.utils.autoreload: /app/observations/views.py changed, reloading.
[INFO] 2026-08-14 16:17:02,629 django.utils.autoreload: Watching for file changes with StatReloader
[INFO] 2026-08-14 16:17:35,064 django.utils.autoreload: /app/observations/views.py changed, reloading.
[INFO] 2026-08-14 16:17:35,391 django.utils.autoreload: Watching for file changes with StatReloader
[INFO] 2026-08-14 16:19:24,342 django.utils.autoreload: /app/observations/views.py changed, reloading.
[INFO] 2026-08-14 16:19:24,729 django.utils.autoreload: Watching for file changes with StatReloader
[INFO] 2026-08-18 13:18:31,143 django.utils.autoreload: Watching for file changes with StatReloader
[WARNING] 2026-08-18 13:32:08,944 django.request: Not Found: /api/observations/
[WARNING] 2026-08-18 13:32:08,948 django.request: Not Found: /api/layers/
[WARNING] 2026-08-18 13:32:08,955 django.request: Not Found: /api/layers/
[WARNING] 2026-08-18 13:32:08,958 django.request: Not Found: /api/observations/
[WARNING] 2026-08-18 15:42:54,520 django.request: Not Found: /api/layers/
[WARNING] 2026-08-18 15:42:54,524 django.request: Not Found: /api/observations/
[WARNING] 2026-08-18 15:42:54,530 django.request: Not Found: /api/layers/
[WARNING] 2026-08-18 15:42:54,534 django.request: Not Found: /api/observations/
[WARNING] 2026-08-18 15:43:12,758 django.request: Not Found: /api/observations/
[WARNING] 2026-08-18 15:43:12,760 django.request: Not Found: /api/layers/
[WARNING] 2026-08-18 15:43:12,767 django.request: Not Found: /api/observations/
[WARNING] 2026-08-18 15:43:12,768 django.request: Not Found: /api/layers/
[WARNING] 2026-08-18 15:45:50,371 django.request: Not Found: /api/layers/
[WARNING] 2026-08-18 15:45:50,373 django.request: Not Found: /api/observations/
[WARNING] 2026-08-18 15:45:50,382 django.request: Not Found: /api/layers/
[WARNING] 2026-08-18 15:45:50,386 django.request: Not Found: /api/observations/
[WARNING] 2026-08-18 15:48:36,454 django.request: Not Found: /api/observations/
[WARNING] 2026-08-18 15:48:36,458 django.request: Not Found: /api/layers/
[WARNING] 2026-08-18 15:48:36,466 django.request: Not Found: /api/layers/
[WARNING] 2026-08-18 15:48:36,469 django.request: Not Found: /api/observations/
[INFO] 2026-08-18 16:00:27,205 django.utils.autoreload: Watching for file changes with StatReloader
[INFO] 2026-08-18 16:10:58,385 django.utils.autoreload: /app/config/urls.py changed, reloading.
[INFO] 2026-08-18 16:10:58,754 django.utils.autoreload: Watching for file changes with StatReloader
